image_filename,manual_rqi,tags,comment
00001_47.496700_19.069360_67.jpg,4,null,
00002_47.496733_19.069480_67.jpg,4,null,
00003_47.496767_19.069600_67.jpg,3,null,
00004_47.496800_19.069720_62.jpg,3,null,
00005_47.496835_19.069820_62.jpg,3,null,
00006_47.496870_19.069920_62.jpg,3,null,
00007_47.496905_19.070020_62.jpg,3,null,
00008_47.496940_19.070120_64.jpg,3,null,
00009_47.496973_19.070223_64.jpg,3,null,
00010_47.497007_19.070327_64.jpg,3,null,
00011_47.497040_19.070430_55.jpg,3,null,
00012_47.497075_19.070505_55.jpg,4,null,
00013_47.497110_19.070580_67.jpg,4,null,
00014_47.497140_19.070687_67.jpg,3,null,
00015_47.497170_19.070793_67.jpg,3,null,
00016_47.497200_19.070900_65.jpg,3,null,
00017_47.497235_19.071015_65.jpg,3,null,
00018_47.497270_19.071130_65.jpg,3,null,
00019_47.497305_19.071245_65.jpg,2,null,
00020_47.497340_19.071360_43.jpg,2,null,
00021_47.497390_19.071430_34.jpg,2,null,
00022_47.497430_19.071470_65.jpg,2,null,
00023_47.497465_19.071585_65.jpg,2,null,
00024_47.497500_19.071700_34.jpg,2,null,
00025_47.497510_19.071710_66.jpg,2,null,
00026_47.497543_19.071823_66.jpg,5,null,
00027_47.497576_19.071936_66.jpg,2,null,
00028_47.497609_19.072049_66.jpg,2,null,
00029_47.497641_19.072161_66.jpg,2,null,
00030_47.497674_19.072274_66.jpg,3,null,
00031_47.497707_19.072387_66.jpg,2,null,
00032_47.497740_19.072500_69.jpg,3,null,
00033_47.497769_19.072615_69.jpg,2,null,
00034_47.497798_19.072730_69.jpg,2,null,
00035_47.497827_19.072845_69.jpg,2,null,
00036_47.497856_19.072960_69.jpg,2,null,
00037_47.497885_19.073075_69.jpg,2,null,
00038_47.497914_19.073190_69.jpg,2,null,
00039_47.497943_19.073305_69.jpg,2,null,
00040_47.497972_19.073420_69.jpg,2,null,
00041_47.498001_19.073535_69.jpg,3,null,
00042_47.498030_19.073650_70.jpg,2.5,[],""
00043_47.498058_19.073764_70.jpg,3,"[""mild_wear"", ""cracked"", ""car""]",""
00044_47.498086_19.073878_70.jpg,3,"[""cracked"", ""mild_wear"", ""car""]",""
00045_47.498114_19.073992_70.jpg,2.5,"[""cracked"", ""mild_wear""]",""
00046_47.498142_19.074106_70.jpg,2.5,"[""mild_wear"", ""smooth""]",""
00047_47.498170_19.074220_69.jpg,3,"[""cracked"", ""mild_wear""]",""
00048_47.498201_19.074341_69.jpg,3,"[""cracked"", ""mild_wear""]",""
00049_47.498232_19.074462_69.jpg,2.5,[],""
00050_47.498263_19.074583_69.jpg,2,null,
00051_47.498294_19.074704_69.jpg,3,"[""cracked"", ""mild_wear"", ""heavy_wear""]",""
00052_47.498325_19.074825_69.jpg,3,null,
00053_47.498356_19.074946_69.jpg,3,"[""cracked"", ""mild_wear"", ""heavy_wear""]",""
00054_47.498387_19.075067_69.jpg,2,null,
00055_47.498418_19.075188_69.jpg,2,null,
00056_47.498449_19.075309_69.jpg,2.5,[],""
00057_47.498480_19.075430_69.jpg,2,null,
00058_47.498509_19.075547_69.jpg,2,null,
00059_47.498538_19.075663_69.jpg,2,null,
00060_47.498567_19.075780_69.jpg,2,null,
00061_47.498596_19.075897_69.jpg,2,null,
00062_47.498624_19.076013_69.jpg,2,null,
00063_47.498653_19.076130_69.jpg,2,null,
00064_47.498682_19.076247_69.jpg,2,null,
00065_47.498711_19.076363_69.jpg,2,null,
00066_47.498740_19.076480_65.jpg,2,null,
00067_47.498773_19.076590_65.jpg,2,null,
00068_47.498807_19.076700_65.jpg,2,null,
00069_47.498840_19.076810_63.jpg,2,null,
00070_47.498873_19.076910_63.jpg,3,null,
00071_47.498907_19.077010_63.jpg,3,null,
00072_47.498940_19.077110_69.jpg,3,null,
00073_47.498970_19.077230_69.jpg,3,null,
00074_47.499000_19.077350_69.jpg,3,null,
00075_47.499030_19.077470_69.jpg,2.5,"[""mild_wear"", ""cracked""]",""
00076_47.499060_19.077590_70.jpg,2.5,"[""mild_wear"", ""cracked""]",""
00077_47.499087_19.077706_70.jpg,3,"[""mild_wear"", ""cracked"", ""heavy_wear""]",""
00078_47.499114_19.077821_70.jpg,3,"[""mild_wear"", ""cracked"", ""heavy_wear""]",""
00079_47.499141_19.077937_70.jpg,3,"[""mild_wear"", ""cracked"", ""heavy_wear""]",""
00080_47.499169_19.078053_70.jpg,3,null,
00081_47.499196_19.078169_70.jpg,3,"[""mild_wear"", ""cracked""]",""
00082_47.499223_19.078284_70.jpg,3,null,
00083_47.499250_19.078400_69.jpg,3,"[""mild_wear"", ""cracked""]",""
00084_47.499276_19.078502_69.jpg,3,"[""mild_wear"", ""cracked"", ""patched""]",""
00085_47.499302_19.078604_69.jpg,3,"[""mild_wear"", ""cracked""]",""
00086_47.499328_19.078706_69.jpg,2.5,"[""mild_wear"", ""cracked""]",""
00087_47.499354_19.078808_69.jpg,2.5,"[""mild_wear"", ""cracked""]",""
00088_47.499380_19.078910_77.jpg,2.5,"[""mild_wear"", ""cracked"", ""heavy_wear""]",""
00089_47.499398_19.079032_77.jpg,2.5,"[""mild_wear"", ""cracked""]",""
00090_47.499416_19.079154_77.jpg,2,null,
00091_47.499434_19.079276_77.jpg,2.5,"[""mild_wear"", ""cracked""]",""
00092_47.499452_19.079398_77.jpg,2,null,
00093_47.499470_19.079520_76.jpg,2,null,
00094_47.499490_19.079645_76.jpg,2.5,"[""mild_wear"", ""cracked""]",""
00095_47.499510_19.079770_81.jpg,3.5,"[""cracked"", ""heavy_wear"", ""patched""]",""
00096_47.499520_19.079870_81.jpg,2,null,
00097_47.499530_19.079970_81.jpg,2,null,
00098_47.499540_19.080070_89.jpg,2,"[""mild_wear"", ""cracked""]",""
00099_47.499540_19.080198_89.jpg,2,"[""mild_wear"", ""cracked""]",""
00100_47.499540_19.080327_89.jpg,3,"[""mild_wear"", ""cracked""]",""
00101_47.499540_19.080455_89.jpg,2,"[""mild_wear"", ""cracked""]",""
00102_47.499540_19.080583_89.jpg,2.5,"[""mild_wear"", ""cracked""]",""
00103_47.499540_19.080712_89.jpg,3,"[""mild_wear"", ""cracked""]",""
00104_47.499540_19.080840_89.jpg,2,null,
00105_47.499540_19.080966_89.jpg,2,null,
00106_47.499540_19.081092_89.jpg,2,null,
00107_47.499540_19.081218_89.jpg,2,null,
00108_47.499540_19.081343_89.jpg,2,"[""mild_wear"", ""cracked""]",""
00109_47.499540_19.081469_89.jpg,2,"[""mild_wear"", ""cracked""]",""
00110_47.499540_19.081595_89.jpg,2,null,
00111_47.499540_19.081721_89.jpg,2,"[""mild_wear"", ""cracked""]",""
00112_47.499540_19.081847_89.jpg,2,null,
00113_47.499540_19.081973_89.jpg,2,"[""mild_wear"", ""cracked""]",""
00114_47.499540_19.082098_89.jpg,2,"[""mild_wear"", ""cracked""]",""
00115_47.499540_19.082224_89.jpg,2,null,
00116_47.499540_19.082350_91.jpg,2.5,"[""mild_wear""]",""
00117_47.499538_19.082468_91.jpg,2.5,"[""mild_wear"", ""smooth""]",""
00118_47.499537_19.082587_91.jpg,2.5,"[""mild_wear""]",""
00119_47.499535_19.082705_91.jpg,2.5,"[""mild_wear"", ""smooth""]",""
00120_47.499533_19.082823_91.jpg,2,null,
00121_47.499532_19.082942_91.jpg,2,null,
00122_47.499530_19.083060_90.jpg,2,null,
00123_47.499529_19.083191_90.jpg,2,"[""mild_wear"", ""smooth""]",""
00124_47.499529_19.083323_90.jpg,2,null,
00125_47.499528_19.083454_90.jpg,2,null,
00126_47.499527_19.083585_90.jpg,2,null,
00127_47.499527_19.083717_90.jpg,2,null,
00128_47.499526_19.083848_90.jpg,3,"[""mild_wear"", ""cracked""]",""
00129_47.499525_19.083979_90.jpg,2,null,
00130_47.499525_19.084111_90.jpg,2,null,
00131_47.499524_19.084242_90.jpg,2,null,
00132_47.499523_19.084373_90.jpg,2.5,"[""mild_wear"", ""cracked""]",""
00133_47.499523_19.084505_90.jpg,2.5,"[""mild_wear"", ""cracked""]",""
00134_47.499522_19.084636_90.jpg,3,"[""cracked"", ""mild_wear"", ""heavy_wear""]",""
00135_47.499521_19.084767_90.jpg,2,"[""mild_wear"", ""smooth"", ""cracked""]",""
00136_47.499521_19.084899_90.jpg,3,"[""heavy_wear"", ""cracked""]",""
00137_47.499520_19.085030_90.jpg,3,"[""heavy_wear"", ""cracked"", ""patched"", ""fragmented""]",""
00138_47.494400_19.060520_70.jpg,3,"[""heavy_wear"", ""cracked"", ""patched"", ""fragmented""]",""
00139_47.494430_19.060642_70.jpg,3,null,
00140_47.494459_19.060765_70.jpg,3,null,
00141_47.494489_19.060887_70.jpg,3,"[""heavy_wear"", ""cracked"", ""patched"", ""fragmented""]",""
00142_47.494518_19.061010_70.jpg,3.5,"[""heavy_wear"", ""cracked"", ""patched"", ""fragmented""]",""
00143_47.494548_19.061132_70.jpg,2,null,
00144_47.494577_19.061254_70.jpg,3,"[""heavy_wear"", ""cracked""]",""
00145_47.494607_19.061377_70.jpg,3,"[""heavy_wear"", ""cracked""]",""
00146_47.494636_19.061499_70.jpg,3,"[""heavy_wear"", ""cracked""]",""
00147_47.494666_19.061621_70.jpg,3,"[""heavy_wear"", ""cracked""]",""
00148_47.494695_19.061744_70.jpg,3,"[""heavy_wear"", ""cracked""]",""
00149_47.494725_19.061866_70.jpg,3,"[""heavy_wear"", ""cracked""]",""
00150_47.494754_19.061989_70.jpg,3,"[""heavy_wear"", ""cracked""]",""
00151_47.494784_19.062111_70.jpg,3,"[""heavy_wear"", ""cracked""]",""
00152_47.494813_19.062233_70.jpg,3,"[""heavy_wear"", ""cracked""]",""
00153_47.494843_19.062356_70.jpg,3,"[""heavy_wear"", ""cracked""]",""
00154_47.494872_19.062478_70.jpg,3,"[""heavy_wear"", ""cracked""]",""
00155_47.494902_19.062600_70.jpg,3,"[""heavy_wear"", ""cracked""]",""
00156_47.494931_19.062723_70.jpg,3,"[""heavy_wear"", ""cracked""]",""
00157_47.494961_19.062845_70.jpg,3,"[""heavy_wear"", ""cracked""]",""
00158_47.494990_19.062968_70.jpg,3,"[""heavy_wear"", ""cracked""]",""
00159_47.495020_19.063090_69.jpg,3,"[""cracked"", ""heavy_wear""]",""
00160_47.495050_19.063207_69.jpg,3,"[""heavy_wear"", ""cracked""]",""
00161_47.495080_19.063325_69.jpg,2,null,
00162_47.495110_19.063442_69.jpg,3,null,
00163_47.495140_19.063559_69.jpg,3,null,
00164_47.495170_19.063676_69.jpg,3,null,
00165_47.495200_19.063794_69.jpg,3,null,
00166_47.495230_19.063911_69.jpg,2.5,"[""cracked"", ""heavy_wear"", ""patched""]",""
00167_47.495260_19.064028_69.jpg,5,null,
00168_47.495290_19.064145_69.jpg,3,"[""cracked"", ""heavy_wear"", ""patched""]",""
00169_47.495320_19.064263_69.jpg,3,null,
00170_47.495350_19.064380_65.jpg,2.5,"[""heavy_wear"", ""cracked""]",""
00171_47.495383_19.064490_65.jpg,2,null,
00172_47.495417_19.064600_65.jpg,2,null,
00173_47.495450_19.064710_69.jpg,3,"[""heavy_wear"", ""cracked""]",""
00174_47.495479_19.064825_69.jpg,3,"[""heavy_wear"", ""cracked""]",""
00175_47.495508_19.064940_69.jpg,2,null,
00176_47.495538_19.065055_69.jpg,2,null,
00177_47.495567_19.065170_69.jpg,2,null,
00178_47.495596_19.065285_69.jpg,2,null,
00179_47.495625_19.065400_69.jpg,3,null,
00180_47.495654_19.065515_69.jpg,3,null,
00181_47.495683_19.065630_69.jpg,3,null,
00182_47.495713_19.065745_69.jpg,3,"[""heavy_wear"", ""patched"", ""cracked""]",""
00183_47.495742_19.065860_69.jpg,3,"[""cracked"", ""heavy_wear"", ""patched""]",""
00184_47.495771_19.065975_69.jpg,3,"[""heavy_wear"", ""patched"", ""cracked""]",""
00185_47.495800_19.066090_68.jpg,3,"[""mild_wear"", ""cracked"", ""patched""]",""
00186_47.495830_19.066200_68.jpg,3,"[""cracked"", ""heavy_wear"", ""patched""]",""
00187_47.495860_19.066310_68.jpg,3,"[""mild_wear"", ""cracked""]",""
00188_47.495890_19.066420_73.jpg,3,"[""mild_wear"", ""cracked""]",""
00189_47.495910_19.066517_73.jpg,3,null,
00190_47.495930_19.066615_73.jpg,3,"[""mild_wear"", ""cracked""]",""
00191_47.495950_19.066713_73.jpg,2.5,"[""mild_wear"", ""cracked""]",""
00192_47.495970_19.066810_59.jpg,2.5,"[""mild_wear"", ""cracked""]",""
00193_47.496010_19.066910_59.jpg,2.5,"[""mild_wear"", ""cracked""]",""
00194_47.496050_19.067010_59.jpg,2.5,"[""mild_wear"", ""cracked""]",""
00195_47.496090_19.067110_59.jpg,3,null,
00196_47.496130_19.067210_64.jpg,3,"[""cracked"", ""fragmented"", ""heavy_wear""]",""
00197_47.496164_19.067314_64.jpg,3,"[""mild_wear"", ""patched"", ""cracked""]",""
00198_47.496198_19.067418_64.jpg,3,"[""cracked"", ""fragmented"", ""heavy_wear""]",""
00199_47.496232_19.067522_64.jpg,3,"[""uneven"", ""fragmented"", ""heavy_wear"", ""cracked"", ""patched""]",""
00200_47.496266_19.067626_64.jpg,3,null,
00201_47.496300_19.067730_67.jpg,3,null,
00202_47.496331_19.067840_67.jpg,3,null,
00203_47.496363_19.067950_67.jpg,3,null,
00204_47.496394_19.068060_67.jpg,3,"[""uneven"", ""fragmented"", ""heavy_wear"", ""cracked"", ""patched""]",""
00205_47.496426_19.068170_67.jpg,3.5,"[""heavy_wear"", ""cracked"", ""patched""]",""
00206_47.496457_19.068280_67.jpg,3.5,"[""uneven"", ""fragmented"", ""heavy_wear"", ""cracked"", ""patched""]",""
00207_47.496489_19.068390_67.jpg,3.5,"[""uneven"", ""fragmented"", ""heavy_wear"", ""cracked"", ""patched""]",""
00208_47.496520_19.068500_72.jpg,3.5,"[""heavy_wear"", ""cracked"", ""patched""]",""
00209_47.496544_19.068616_72.jpg,3,"[""heavy_wear"", ""patched"", ""cracked"", ""fragmented""]",""
00210_47.496569_19.068731_72.jpg,3.5,"[""heavy_wear"", ""cracked"", ""patched""]",""
00211_47.496593_19.068847_72.jpg,3.5,"[""heavy_wear"", ""cracked"", ""patched""]",""
00212_47.496617_19.068963_72.jpg,4,"[""heavy_wear"", ""cracked"", ""patched""]",""
00213_47.496641_19.069079_72.jpg,3.5,"[""heavy_wear"", ""cracked"", ""patched""]",""
00214_47.496666_19.069194_72.jpg,3.5,"[""heavy_wear"", ""cracked"", ""patched""]",""
00215_46.882610_17.420950_262.jpg,1.5,"[""mild_wear"", ""smooth"", ""shadow""]",""
00216_46.882600_17.420837_262.jpg,1.5,"[""mild_wear"", ""smooth"", ""shadow""]",""
00217_46.882590_17.420723_262.jpg,2,null,
00218_46.882580_17.420610_247.jpg,3,null,
00219_46.882549_17.420498_247.jpg,4,null,
00220_46.882518_17.420386_247.jpg,4,null,
00221_46.882487_17.420273_247.jpg,3,null,
00222_46.882456_17.420161_247.jpg,3,"[""cracked"", ""heavy_wear""]",""
00223_46.882424_17.420049_247.jpg,3,"[""cracked"", ""heavy_wear"", ""patched""]",""
00224_46.882393_17.419937_247.jpg,3,"[""cracked"", ""heavy_wear""]",""
00225_46.882362_17.419824_247.jpg,2,null,
00226_46.882331_17.419712_247.jpg,2,null,
00227_46.882300_17.419600_251.jpg,2,null,
00228_46.882272_17.419478_251.jpg,2,null,
00229_46.882245_17.419355_251.jpg,2,null,
00230_46.882218_17.419233_251.jpg,2,null,
00231_46.882190_17.419110_251.jpg,2,null,
00232_46.882162_17.418988_251.jpg,2,null,
00233_46.882135_17.418865_251.jpg,2,null,
00234_46.882108_17.418743_251.jpg,2,null,
00235_46.882080_17.418620_253.jpg,2,"[""smooth"", ""mild_wear"", ""cracked""]",""
00236_46.882057_17.418503_253.jpg,2,null,
00237_46.882033_17.418387_253.jpg,2,null,
00238_46.882010_17.418270_253.jpg,2,null,
00239_46.881987_17.418153_253.jpg,2,null,
00240_46.881963_17.418037_253.jpg,2,null,
00241_46.881940_17.417920_253.jpg,2,null,
00242_46.881917_17.417803_253.jpg,2,null,
00243_46.881893_17.417687_253.jpg,2,null,
00244_46.881870_17.417570_253.jpg,2,null,
00245_46.881847_17.417453_253.jpg,2,null,
00246_46.881823_17.417337_253.jpg,2,null,
00247_46.881800_17.417220_250.jpg,2,null,
00248_46.881771_17.417101_250.jpg,2,null,
00249_46.881743_17.416983_250.jpg,2,null,
00250_46.881714_17.416864_250.jpg,2,null,
00251_46.881686_17.416746_250.jpg,2,null,
00252_46.881657_17.416627_250.jpg,2,null,
00253_46.881629_17.416509_250.jpg,2,"[""mild_wear"", ""smooth"", ""shadow"", ""cracked""]",""
00254_46.881600_17.416390_253.jpg,2,"[""mild_wear"", ""smooth"", ""shadow"", ""cracked""]",""
00255_46.881578_17.416280_253.jpg,2,null,
00256_46.881556_17.416170_253.jpg,2,null,
00257_46.881534_17.416060_253.jpg,2,"[""mild_wear"", ""smooth"", ""shadow"", ""cracked""]",""
00258_46.881512_17.415950_253.jpg,2,null,
00259_46.881490_17.415840_258.jpg,2,null,
00260_46.881472_17.415716_258.jpg,2,"[""mild_wear"", ""smooth"", ""shadow"", ""cracked""]",""
00261_46.881454_17.415592_258.jpg,2,null,
00262_46.881436_17.415468_258.jpg,2,null,
00263_46.881418_17.415344_258.jpg,2,null,
00264_46.881400_17.415220_258.jpg,2,null,
00265_46.881382_17.415096_258.jpg,2,null,
00266_46.881364_17.414972_258.jpg,2,null,
00267_46.881346_17.414848_258.jpg,2,null,
00268_46.881328_17.414724_258.jpg,2,null,
00269_46.881310_17.414600_258.jpg,2,null,
00270_46.881292_17.414471_258.jpg,3,null,
00271_46.881274_17.414343_258.jpg,3,null,
00272_46.881256_17.414214_258.jpg,3,null,
00273_46.881238_17.414085_258.jpg,3,null,
00274_46.881220_17.413957_258.jpg,2,null,
00275_46.881202_17.413828_258.jpg,3,"[""mild_wear"", ""shadow"", ""cracked""]",""
00276_46.881184_17.413699_258.jpg,2,null,
00277_46.881166_17.413571_258.jpg,2,"[""mild_wear"", ""smooth"", ""shadow"", ""cracked""]",""
00278_46.881148_17.413442_258.jpg,1.5,"[""mild_wear"", ""shadow"", ""smooth""]",""
00279_46.881130_17.413313_258.jpg,1.5,"[""mild_wear"", ""shadow"", ""smooth""]",""
00280_46.881112_17.413185_258.jpg,2,null,
00281_46.881094_17.413056_258.jpg,2,null,
00282_46.881076_17.412927_258.jpg,2,null,
00283_46.881058_17.412799_258.jpg,2,null,
00284_46.881040_17.412670_253.jpg,2,null,
00285_46.881016_17.412548_253.jpg,2,null,
00286_46.880992_17.412426_253.jpg,2,null,
00287_46.880968_17.412304_253.jpg,2,null,
00288_46.880944_17.412182_253.jpg,2,null,
00289_46.880920_17.412060_249.jpg,2,null,
00290_46.880890_17.411945_249.jpg,2,null,
00291_46.880860_17.411830_249.jpg,2,null,
00292_46.880830_17.411715_249.jpg,2,null,
00293_46.880800_17.411600_250.jpg,2,null,
00294_46.880771_17.411484_250.jpg,2,null,
00295_46.880743_17.411369_250.jpg,2,null,
00296_46.880714_17.411253_250.jpg,1,null,
00297_46.880686_17.411137_250.jpg,1,null,
00298_46.880657_17.411021_250.jpg,1,null,
00299_46.880629_17.410906_250.jpg,2,null,
00300_46.880600_17.410790_253.jpg,2,null,
00301_46.880575_17.410665_253.jpg,2,null,
00302_46.880550_17.410540_237.jpg,2,null,
00303_46.880503_17.410430_237.jpg,2,null,
00304_46.880455_17.410320_237.jpg,2,null,
00305_46.880408_17.410210_237.jpg,2,null,
00306_46.880360_17.410100_229.jpg,3,null,
00307_46.880307_17.410009_229.jpg,3,null,
00308_46.880254_17.409917_229.jpg,3,null,
00309_46.880201_17.409826_229.jpg,3,null,
00310_46.880149_17.409734_229.jpg,3,null,
00311_46.880096_17.409643_229.jpg,3,null,
00312_46.880043_17.409551_229.jpg,2,null,
00313_46.879990_17.409460_230.jpg,2,null,
00314_46.879944_17.409378_230.jpg,2,null,
00315_46.879898_17.409296_230.jpg,2,null,
00316_46.879852_17.409214_230.jpg,2,null,
00317_46.879806_17.409132_230.jpg,3,null,
00318_46.879760_17.409050_235.jpg,2,null,
00319_46.879718_17.408960_235.jpg,2,null,
00320_46.879675_17.408870_235.jpg,2,null,
00321_46.879632_17.408780_235.jpg,2.5,"[""mild_wear"", ""cracked""]",""
00322_46.879590_17.408690_247.jpg,2,null,
00323_46.879558_17.408578_247.jpg,2,null,
00324_46.879526_17.408466_247.jpg,2,null,
00325_46.879494_17.408354_247.jpg,2.5,"[""mild_wear"", ""cracked""]",""
00326_46.879462_17.408242_247.jpg,2,null,
00327_46.879430_17.408130_255.jpg,2,null,
00328_46.879408_17.408005_255.jpg,2,null,
00329_46.879386_17.407879_255.jpg,2,null,
00330_46.879364_17.407754_255.jpg,2,null,
00331_46.879342_17.407628_255.jpg,3,null,
00332_46.879320_17.407502_255.jpg,3,null,
00333_46.879298_17.407377_255.jpg,3,null,
00334_46.879276_17.407252_255.jpg,3,null,
00335_46.879254_17.407126_255.jpg,2,null,
00336_46.879232_17.407001_255.jpg,2,null,
00337_46.879210_17.406875_255.jpg,3,"[""shadow"", ""cracked"", ""heavy_wear""]",""
00338_46.879188_17.406750_255.jpg,3,"[""shadow"", ""cracked"", ""heavy_wear""]",""
00339_46.879166_17.406624_255.jpg,2,null,
00340_46.879144_17.406499_255.jpg,2.5,"[""shadow"", ""cracked"", ""mild_wear""]",""
00341_46.879122_17.406373_255.jpg,3,null,
00342_46.879100_17.406248_255.jpg,2.5,"[""cracked"", ""heavy_wear"", ""mild_wear""]",""
00343_46.879078_17.406122_255.jpg,3,null,
00344_46.879056_17.405997_255.jpg,3,null,
00345_46.879034_17.405871_255.jpg,2.5,"[""cracked"", ""heavy_wear"", ""mild_wear""]",""
00346_46.879012_17.405746_255.jpg,2.5,"[""cracked"", ""heavy_wear"", ""mild_wear""]",""
00347_46.878990_17.405620_255.jpg,2.5,"[""cracked"", ""heavy_wear"", ""mild_wear""]",""
00348_46.878967_17.405497_255.jpg,2,null,
00349_46.878945_17.405373_255.jpg,2,null,
00350_46.878922_17.405250_255.jpg,2,null,
00351_46.878900_17.405126_255.jpg,1.5,"[""mild_wear"", ""cracked""]",""
00352_46.878877_17.405003_255.jpg,2,"[""mild_wear"", ""cracked""]",""
00353_46.878854_17.404879_255.jpg,2,"[""mild_wear"", ""cracked""]",""
00354_46.878832_17.404756_255.jpg,2,null,
00355_46.878809_17.404632_255.jpg,2,null,
00356_46.878787_17.404509_255.jpg,2,null,
00357_46.878764_17.404385_255.jpg,2,null,
00358_46.878741_17.404262_255.jpg,2,"[""mild_wear"", ""cracked""]",""
00359_46.878719_17.404138_255.jpg,2,"[""mild_wear"", ""cracked""]",""
00360_46.878696_17.404015_255.jpg,2,"[""mild_wear"", ""cracked""]",""
00361_46.878673_17.403891_255.jpg,2,null,
00362_46.878651_17.403768_255.jpg,2,null,
00363_46.878628_17.403644_255.jpg,2,"[""mild_wear"", ""patched"", ""cracked""]",""
00364_46.878606_17.403521_255.jpg,2,"[""mild_wear"", ""patched""]",""
00365_46.878583_17.403397_255.jpg,2,null,
00366_46.878560_17.403274_255.jpg,2,null,
00367_46.878538_17.403150_255.jpg,3,null,
00368_46.878515_17.403027_255.jpg,3,null,
00369_46.878493_17.402903_255.jpg,3,null,
00370_46.878470_17.402780_260.jpg,2,null,
00371_46.878457_17.402662_260.jpg,3,null,
00372_46.878443_17.402543_260.jpg,3,null,
00373_46.878430_17.402425_260.jpg,2.5,"[""mild_wear"", ""patched""]",""
00374_46.878417_17.402307_260.jpg,2,"[""mild_wear"", ""patched"", ""cracked""]",""
00375_46.878403_17.402188_260.jpg,3,null,
00376_46.878390_17.402070_264.jpg,3,null,
00377_46.878383_17.401960_264.jpg,3,null,
00378_46.878377_17.401850_264.jpg,3,null,
00379_46.878370_17.401740_271.jpg,3,null,
00380_46.878372_17.401628_271.jpg,3,null,
00381_46.878373_17.401517_271.jpg,3,null,
00382_46.878375_17.401405_271.jpg,3,null,
00383_46.878377_17.401293_271.jpg,3,null,
00384_46.878378_17.401182_271.jpg,3,"[""cracked"", ""heavy_wear"", ""mild_wear"", ""patched""]",""
00385_46.878380_17.401070_269.jpg,3,null,
00386_46.878379_17.400953_269.jpg,3,null,
00387_46.878378_17.400835_269.jpg,2,null,
00388_46.878376_17.400717_269.jpg,3,null,
00389_46.878375_17.400600_269.jpg,3,null,
00390_46.878374_17.400483_269.jpg,3,null,
00391_46.878373_17.400365_269.jpg,3,null,
00392_46.878371_17.400247_269.jpg,2,null,
00393_46.878370_17.400130_266.jpg,2,null,
00394_46.878365_17.400010_266.jpg,2,null,
00395_46.878360_17.399890_266.jpg,2,null,
00396_46.878355_17.399770_266.jpg,2,null,
00397_46.878350_17.399650_260.jpg,2,null,
00398_46.878338_17.399543_260.jpg,2,null,
00399_46.878325_17.399435_260.jpg,2,null,
00400_46.878313_17.399327_260.jpg,2,null,
00401_46.878300_17.399220_252.jpg,2,null,
00402_46.878277_17.399113_252.jpg,2,null,
00403_46.878253_17.399007_252.jpg,2,null,
00404_46.878230_17.398900_244.jpg,2,null,
00405_46.878195_17.398792_244.jpg,2,null,
00406_46.878160_17.398685_244.jpg,2,null,
00407_46.878125_17.398578_244.jpg,2,null,
00408_46.878090_17.398470_235.jpg,2,null,
00409_46.878050_17.398385_235.jpg,2,null,
00410_46.878010_17.398300_235.jpg,3,null,
00476_46.874185_17.392127_227.jpg,3.5,"[""heavy_wear"", ""cracked"", ""patched""]",""
00477_46.874124_17.392030_227.jpg,3.5,"[""heavy_wear"", ""cracked"", ""patched""]",""
00478_46.874064_17.391933_227.jpg,3.5,"[""heavy_wear"", ""cracked"", ""patched""]",""
00480_46.873943_17.391739_227.jpg,3.5,"[""heavy_wear"", ""cracked""]",""
00515_46.871830_17.388358_226.jpg,3.5,"[""heavy_wear"", ""cracked""]",""
00516_46.871770_17.388264_226.jpg,3.5,"[""heavy_wear"", ""cracked""]",""
00518_46.871650_17.388076_226.jpg,3.5,"[""heavy_wear"", ""cracked""]",""
00522_46.871410_17.387700_226.jpg,3.5,"[""heavy_wear"", ""cracked"", ""patched""]",""
00526_46.871170_17.387324_226.jpg,3.5,"[""heavy_wear"", ""cracked"", ""patched""]",""
00528_46.871050_17.387136_226.jpg,3.5,"[""heavy_wear"", ""cracked""]",""
00530_46.870930_17.386948_226.jpg,3.5,"[""heavy_wear"", ""cracked""]",""
00533_46.870750_17.386666_226.jpg,3.5,"[""heavy_wear"", ""cracked"", ""patched""]",""
00534_46.870690_17.386572_226.jpg,3.5,"[""heavy_wear"", ""cracked"", ""patched""]",""
00576_46.867697_17.385363_170.jpg,3.5,"[""cracked"", ""patched"", ""heavy_wear""]",""
00577_46.867630_17.385380_237.jpg,3.5,"[""heavy_wear"", ""cracked""]",""
00578_46.867595_17.385300_237.jpg,3.5,"[""cracked"", ""heavy_wear""]",""
00579_46.867560_17.385220_242.jpg,3.5,"[""cracked"", ""heavy_wear""]",""
00584_46.867365_17.384679_242.jpg,4,"[""heavy_wear"", ""patched"", ""cracked""]",""
00589_46.867169_17.384138_242.jpg,4,"[""heavy_wear"", ""patched"", ""cracked""]",""
00591_46.867092_17.383918_243.jpg,3.5,"[""heavy_wear"", ""cracked""]",""
00595_46.866942_17.383472_243.jpg,3.5,"[""heavy_wear"", ""cracked""]",""
00603_46.866640_17.382580_244.jpg,3.5,"[""cracked"", ""patched"", ""heavy_wear""]",""
00614_46.866215_17.381280_244.jpg,3.5,"[""cracked"", ""patched"", ""heavy_wear""]",""
00635_46.865444_17.378849_245.jpg,3.5,"[""heavy_wear"", ""cracked"", ""patched""]",""
00641_46.865237_17.378201_244.jpg,3.5,"[""heavy_wear"", ""cracked"", ""patched""]",""
00642_46.865203_17.378099_244.jpg,3.5,"[""heavy_wear"", ""cracked"", ""patched""]",""
00646_46.865060_17.377676_242.jpg,3.5,"[""heavy_wear"", ""cracked"", ""patched""]",""
00655_46.864703_17.376665_242.jpg,3.5,"[""heavy_wear"", ""cracked"", ""patched"", ""shadow""]",""
00657_46.864624_17.376443_242.jpg,3.5,"[""heavy_wear"", ""cracked"", ""patched"", ""shadow""]",""
00663_46.864387_17.375777_242.jpg,3.5,"[""heavy_wear"", ""cracked"", ""patched"", ""shadow""]",""
00666_46.864268_17.375444_242.jpg,3.5,"[""heavy_wear"", ""cracked"", ""patched"", ""shadow""]",""
00668_46.864189_17.375222_242.jpg,3.5,"[""heavy_wear"", ""cracked"", ""patched"", ""shadow""]",""
00669_46.864150_17.375111_242.jpg,3.5,"[""heavy_wear"", ""cracked"", ""patched"", ""shadow""]",""
00670_46.864110_17.375000_242.jpg,3.5,"[""heavy_wear"", ""cracked"", ""patched"", ""shadow""]",""
00671_46.864070_17.374886_242.jpg,3.5,"[""heavy_wear"", ""cracked"", ""patched"", ""shadow""]",""
00694_46.863133_17.372255_241.jpg,3.5,"[""heavy_wear"", ""patched"", ""cracked""]",""
00711_46.862630_17.370300_239.jpg,2,"[""mild_wear"", ""cracked""]",""
00742_46.860700_17.368244_216.jpg,3,"[""cracked"", ""heavy_wear""]",""
00749_46.860210_17.367712_216.jpg,3,null,
00750_46.860140_17.367636_216.jpg,2,null,
00751_46.860070_17.367560_215.jpg,2,null,
00752_46.860001_17.367487_215.jpg,2,null,
00753_46.859932_17.367414_215.jpg,3,null,
00754_46.859863_17.367341_215.jpg,3,null,
00755_46.859794_17.367268_215.jpg,3,null,
00756_46.859725_17.367195_215.jpg,2,null,
00757_46.859656_17.367122_215.jpg,2,null,
00758_46.859587_17.367049_215.jpg,3,null,
00759_46.859518_17.366976_215.jpg,2,null,
00760_46.859449_17.366903_215.jpg,3,null,
00761_46.859380_17.366830_222.jpg,3,null,
00762_46.859318_17.366746_222.jpg,2,null,
00763_46.859256_17.366662_222.jpg,3,null,
00764_46.859194_17.366578_222.jpg,3,null,
00765_46.859132_17.366494_222.jpg,3,null,
00766_46.859070_17.366410_220.jpg,3,null,
00767_46.859008_17.366333_220.jpg,3,null,
00768_46.858947_17.366257_220.jpg,2,null,
00769_46.858885_17.366180_220.jpg,2,null,
00770_46.858823_17.366103_220.jpg,2,null,
00771_46.858762_17.366027_220.jpg,3,null,
00772_46.858700_17.365950_209.jpg,3,null,
00773_46.858624_17.365888_209.jpg,3,null,
00774_46.858548_17.365826_209.jpg,3,null,
00775_46.858472_17.365764_209.jpg,3,null,
00776_46.858396_17.365702_209.jpg,2,null,
00777_46.858320_17.365640_210.jpg,2,null,
00778_46.858260_17.365588_210.jpg,3,null,
00779_46.858200_17.365535_210.jpg,3,null,
00780_46.858140_17.365482_210.jpg,2,null,
00781_46.858080_17.365430_224.jpg,3,null,
00782_46.858025_17.365352_224.jpg,3,null,
00783_46.857970_17.365273_224.jpg,3,null,
00784_46.857915_17.365195_224.jpg,3,null,
00785_46.857860_17.365117_224.jpg,3,null,
00786_46.857805_17.365038_224.jpg,2,null,
00787_46.857750_17.364960_233.jpg,3,null,
00788_46.857700_17.364860_233.jpg,3,null,
00789_46.857650_17.364760_233.jpg,3,null,
00790_46.857600_17.364660_233.jpg,3,null,
00791_46.857550_17.364560_240.jpg,3,null,
00792_46.857513_17.364467_240.jpg,2,null,
00793_46.857477_17.364373_240.jpg,2,null,
00794_46.857440_17.364280_245.jpg,2,null,
00795_46.857407_17.364173_245.jpg,3,null,
00796_46.857373_17.364067_245.jpg,3,null,
00797_46.857340_17.363960_252.jpg,3,null,
00798_46.857315_17.363843_252.jpg,3,null,
00799_46.857290_17.363725_252.jpg,2,null,
00800_46.857265_17.363608_252.jpg,2,null,
00801_46.857240_17.363490_247.jpg,2,null,
00802_46.857208_17.363377_247.jpg,2,null,
00803_46.857177_17.363263_247.jpg,2,null,
00804_46.857145_17.363150_247.jpg,2,null,
00805_46.857113_17.363037_247.jpg,3,null,
00806_46.857082_17.362923_247.jpg,2,null,
00807_46.857050_17.362810_240.jpg,3,null,
00808_46.857006_17.362696_240.jpg,3,null,
00809_46.856963_17.362583_240.jpg,3,null,
00810_46.856919_17.362469_240.jpg,3,null,
00811_46.856876_17.362356_240.jpg,2,null,
00812_46.856832_17.362242_240.jpg,3,null,
00813_46.856789_17.362129_240.jpg,3,null,
00814_46.856745_17.362015_240.jpg,3,null,
00815_46.856701_17.361901_240.jpg,3,null,
00816_46.856658_17.361788_240.jpg,3,null,
00817_46.856614_17.361674_240.jpg,3,null,
00818_46.856571_17.361561_240.jpg,3,null,
00819_46.856527_17.361447_240.jpg,3,null,
00820_46.856484_17.361334_240.jpg,3,null,
00821_46.856440_17.361220_230.jpg,2,null,
00822_46.856400_17.361150_230.jpg,3,null,
00823_46.856360_17.361080_216.jpg,3,null,
00824_46.856300_17.361015_216.jpg,3,null,
00825_46.856240_17.360950_200.jpg,3,null,
00826_46.856157_17.360906_200.jpg,3,null,
00827_46.856074_17.360861_200.jpg,3,null,
00828_46.855991_17.360817_200.jpg,3,null,
00829_46.855909_17.360773_200.jpg,3,null,
00830_46.855826_17.360729_200.jpg,2,null,
00831_46.855743_17.360684_200.jpg,3,null,
00832_46.855660_17.360640_214.jpg,3,null,
00833_46.855590_17.360570_221.jpg,3,null,
00834_46.855530_17.360493_221.jpg,3,null,
00835_46.855470_17.360417_221.jpg,3,null,
00836_46.855410_17.360340_221.jpg,3,null,
00837_46.855350_17.360263_221.jpg,3,null,
00838_46.855290_17.360187_221.jpg,3,null,
00839_46.855230_17.360110_216.jpg,2,null,
00840_46.855175_17.360050_216.jpg,2,null,
00841_46.855120_17.359990_216.jpg,2,null,
00842_46.855065_17.359930_216.jpg,2,null,
00843_46.855010_17.359870_199.jpg,3,null,
00844_46.854947_17.359837_199.jpg,3,null,
00845_46.854883_17.359803_199.jpg,3,null,
00846_46.854820_17.359770_192.jpg,3,null,
00847_46.854740_17.359745_192.jpg,3,null,
00848_46.854660_17.359720_192.jpg,3,null,
00849_46.854580_17.359695_192.jpg,3,null,
00850_46.854500_17.359670_192.jpg,3,null,
00851_46.854420_17.359645_192.jpg,3,null,
00852_46.854340_17.359620_206.jpg,3,null,
00853_46.854270_17.359570_203.jpg,3,null,
00854_46.854213_17.359533_203.jpg,3,null,
00855_46.854157_17.359497_203.jpg,3,null,
00856_46.854100_17.359460_199.jpg,3,null,
00857_46.854043_17.359430_199.jpg,3,null,
00858_46.853987_17.359400_199.jpg,3,null,
00859_46.853930_17.359370_181.jpg,3,null,
00860_46.853848_17.359366_181.jpg,3,null,
00861_46.853766_17.359362_181.jpg,3,null,
00862_46.853684_17.359358_181.jpg,3,null,
00863_46.853602_17.359354_181.jpg,3,null,
00864_46.853520_17.359350_223.jpg,3,null,
00865_46.853463_17.359270_223.jpg,3,null,
00866_46.853406_17.359190_223.jpg,3,null,
00867_46.853349_17.359110_223.jpg,3,null,
00868_46.853291_17.359030_223.jpg,3,null,
00869_46.853234_17.358950_223.jpg,2,null,
00870_46.853177_17.358870_223.jpg,2,null,
00871_46.853120_17.358790_224.jpg,3,null,
00872_46.853063_17.358708_224.jpg,3,null,
00873_46.853005_17.358625_224.jpg,3,null,
00874_46.852947_17.358543_224.jpg,3,null,
00875_46.852890_17.358460_204.jpg,3,null,
00876_46.852824_17.358416_204.jpg,2,null,
00877_46.852758_17.358372_204.jpg,3,null,
00878_46.852692_17.358328_204.jpg,3,null,
00879_46.852626_17.358284_204.jpg,3,null,
00880_46.852560_17.358240_201.jpg,2,null,
00881_46.852480_17.358193_201.jpg,2,null,
00882_46.852400_17.358147_201.jpg,3,null,
00883_46.852320_17.358100_194.jpg,3,null,
00884_46.852257_17.358077_194.jpg,3,null,
00885_46.852193_17.358053_194.jpg,3,null,
00886_46.852130_17.358030_201.jpg,3,null,
00887_46.852067_17.357993_201.jpg,4,null,
00888_46.852003_17.357957_201.jpg,4,null,
00889_46.851940_17.357920_211.jpg,4,null,
00890_46.851877_17.357863_211.jpg,4,null,
00891_46.851813_17.357807_211.jpg,4,null,
00892_46.851750_17.357750_218.jpg,3,null,
00893_46.851692_17.357682_218.jpg,3,null,
00894_46.851634_17.357614_218.jpg,3,null,
00895_46.851576_17.357546_218.jpg,4,null,
00896_46.851518_17.357478_218.jpg,4,null,
00897_46.851460_17.357410_223.jpg,4,null,
00898_46.851398_17.357324_223.jpg,4,null,
00899_46.851335_17.357238_223.jpg,4,null,
00900_46.851273_17.357151_223.jpg,4,null,
00901_46.851210_17.357065_223.jpg,4,null,
00902_46.851148_17.356979_223.jpg,4,null,
00903_46.851085_17.356893_223.jpg,4,null,
00904_46.851022_17.356806_223.jpg,4,null,
00905_46.850960_17.356720_223.jpg,4,null,
00906_46.850902_17.356638_223.jpg,4,null,
00907_46.850843_17.356557_223.jpg,4,null,
00908_46.850785_17.356475_223.jpg,4,null,
00909_46.850727_17.356393_223.jpg,4,null,
00910_46.850668_17.356312_223.jpg,4,null,
00911_46.850610_17.356230_219.jpg,4,null,
00912_46.850549_17.356156_219.jpg,4,null,
00913_46.850487_17.356081_219.jpg,4,null,
00914_46.850426_17.356007_219.jpg,4,null,
00915_46.850364_17.355933_219.jpg,4,null,
00916_46.850303_17.355859_219.jpg,4,null,
00917_46.850241_17.355784_219.jpg,4,null,
00918_46.850180_17.355710_220.jpg,4,null,
00919_46.850112_17.355625_220.jpg,4,null,
00920_46.850045_17.355541_220.jpg,4,null,
00921_46.849977_17.355456_220.jpg,4,null,
00922_46.849909_17.355372_220.jpg,4,null,
00923_46.849842_17.355287_220.jpg,4,null,
00924_46.849774_17.355202_220.jpg,4,null,
00925_46.849706_17.355118_220.jpg,4,null,
00926_46.849638_17.355033_220.jpg,4,null,
00927_46.849571_17.354948_220.jpg,4,null,
00928_46.849503_17.354864_220.jpg,3,null,
00929_46.849435_17.354779_220.jpg,3,null,
00930_46.849368_17.354695_220.jpg,4,null,
00931_46.849300_17.354610_225.jpg,4,null,
00932_46.849244_17.354526_225.jpg,4,null,
00933_46.849189_17.354441_225.jpg,4,null,
00934_46.849133_17.354357_225.jpg,4,null,
00935_46.849077_17.354273_225.jpg,4,null,
00936_46.849021_17.354189_225.jpg,4,null,
00937_46.848966_17.354104_225.jpg,4,null,
00938_46.848910_17.354020_236.jpg,4,null,
00939_46.848863_17.353916_236.jpg,4,null,
00940_46.848816_17.353811_236.jpg,4,null,
00941_46.848769_17.353707_236.jpg,4,null,
00942_46.848721_17.353603_236.jpg,4,null,
00943_46.848674_17.353499_236.jpg,4,null,
00944_46.848627_17.353394_236.jpg,4,null,
00945_46.848580_17.353290_246.jpg,4,null,
00946_46.848547_17.353177_246.jpg,4,null,
00947_46.848513_17.353063_246.jpg,4,null,
00948_46.848480_17.352950_246.jpg,4,null,
00949_46.848447_17.352837_246.jpg,4,null,
00950_46.848413_17.352723_246.jpg,4,null,
00951_46.848380_17.352610_254.jpg,4,null,
00952_46.848356_17.352486_254.jpg,4,null,
00953_46.848332_17.352362_254.jpg,4,null,
00954_46.848308_17.352238_254.jpg,4,null,
00955_46.848284_17.352114_254.jpg,4,null,
00956_46.848260_17.351990_242.jpg,4,null,
00957_46.848221_17.351883_242.jpg,4,null,
00958_46.848183_17.351776_242.jpg,4,null,
00959_46.848144_17.351669_242.jpg,4,null,
00960_46.848106_17.351561_242.jpg,4,null,
00961_46.848067_17.351454_242.jpg,4,null,
00971_46.847905_17.350375_276.jpg,3.5,"[""heavy_wear"", ""cracked""]",""
00985_46.848405_17.348960_293.jpg,3,"[""heavy_wear"", ""cracked""]",""
01106_47.507199_19.055021_180.jpg,3.5,"[""heavy_wear"", ""cracked"", ""fragmented""]",""
01107_47.507115_19.055020_180.jpg,2.5,"[""patched"", ""mild_wear"", ""cracked""]",""
01108_47.507031_19.055019_180.jpg,3,"[""patched"", ""mild_wear"", ""cracked""]",""
01109_47.506946_19.055018_180.jpg,3,"[""mild_wear"", ""patched""]",""
01113_47.506609_19.055013_180.jpg,3,"[""mild_wear"", ""patched""]",""
01116_47.506361_19.055007_181.jpg,2.5,"[""mild_wear"", ""cracked""]",""
01120_47.506047_19.054996_181.jpg,2.5,"[""mild_wear"", ""cracked""]",""
01121_47.505969_19.054993_181.jpg,2.5,"[""mild_wear"", ""cracked""]",""
01122_47.505890_19.054990_171.jpg,2.5,"[""mild_wear"", ""cracked""]",""
01124_47.505760_19.055020_180.jpg,2.5,"[""mild_wear"", ""cracked""]",""
01125_47.505673_19.055018_180.jpg,2.5,"[""mild_wear"", ""cracked""]",""
01130_47.505236_19.055009_180.jpg,3,"[""mild_wear"", ""cracked""]",""
01132_47.505062_19.055005_180.jpg,3,"[""mild_wear"", ""cracked""]",""
01134_47.504887_19.055002_180.jpg,2.5,"[""cracked"", ""mild_wear""]",""
01135_47.504800_19.055000_181.jpg,2.5,"[""cracked"", ""mild_wear""]",""
01196_47.499700_19.054825_178.jpg,3,"[""cracked"", ""mild_wear"", ""patched""]",""
01198_47.499530_19.054830_178.jpg,2.5,"[""mild_wear"", ""cracked""]",""
01236_47.150877_18.435750_312.jpg,3,null,
01237_47.150933_18.435660_312.jpg,2,null,
01238_47.150989_18.435570_312.jpg,2,null,
01239_47.151044_18.435480_312.jpg,2,null,
01240_47.151100_18.435390_314.jpg,2,null,
01241_47.151150_18.435315_314.jpg,2,null,
01242_47.151200_18.435240_314.jpg,2,null,
01243_47.151250_18.435165_314.jpg,3,null,
01244_47.151300_18.435090_296.jpg,3,null,
01245_47.151320_18.435030_296.jpg,2,null,
01246_47.151340_18.434970_309.jpg,2,null,
01247_47.151394_18.434874_309.jpg,2,null,
01248_47.151448_18.434778_309.jpg,2,null,
01249_47.151502_18.434682_309.jpg,2,null,
01250_47.151556_18.434586_309.jpg,2,null,
01251_47.151610_18.434490_300.jpg,2,null,
01252_47.151650_18.434392_300.jpg,2,null,
01253_47.151690_18.434294_300.jpg,3,null,
01254_47.151730_18.434196_300.jpg,2,null,
01255_47.151770_18.434098_300.jpg,2,null,
01256_47.151810_18.434000_294.jpg,3,null,
01257_47.151840_18.433902_294.jpg,3,null,
01258_47.151870_18.433804_294.jpg,3,null,
01259_47.151900_18.433706_294.jpg,2,null,
01260_47.151930_18.433608_294.jpg,3,null,
01261_47.151960_18.433510_306.jpg,3,null,
01262_47.152010_18.433410_328.jpg,3,null,
01263_47.152055_18.433370_328.jpg,2,null,
01264_47.152100_18.433330_330.jpg,2,null,
01265_47.152155_18.433285_330.jpg,2,null,
01266_47.152210_18.433240_308.jpg,2,null,
01267_47.152245_18.433175_308.jpg,2,null,
01268_47.152280_18.433110_286.jpg,2,null,
01269_47.152295_18.433035_286.jpg,2,null,
01270_47.152310_18.432960_264.jpg,2,null,
01271_47.152305_18.432880_264.jpg,2,null,
01272_47.152300_18.432800_243.jpg,2,null,
01273_47.152270_18.432710_243.jpg,2,null,
01274_47.152240_18.432620_219.jpg,3,null,
01275_47.152190_18.432560_214.jpg,3,null,
01276_47.152160_18.432530_251.jpg,3,null,
01277_47.152140_18.432440_263.jpg,3,null,
01278_47.152130_18.432310_266.jpg,3,null,
01279_47.152125_18.432193_266.jpg,3,null,
01280_47.152120_18.432077_266.jpg,2,null,
01281_47.152115_18.431960_266.jpg,2,null,
01282_47.152110_18.431843_266.jpg,1,null,
01283_47.152105_18.431727_266.jpg,1,null,
01284_47.152100_18.431610_257.jpg,1,null,
01285_47.152082_18.431490_257.jpg,1,null,
01286_47.152063_18.431370_257.jpg,1,null,
01287_47.152045_18.431250_257.jpg,1,null,
01288_47.152027_18.431130_257.jpg,1,null,
01289_47.152008_18.431010_257.jpg,1,null,
01290_47.151990_18.430890_248.jpg,1,null,
01291_47.151970_18.430815_248.jpg,1,null,
01292_47.151950_18.430740_248.jpg,1,null,
01293_47.151920_18.430627_248.jpg,1,null,
01294_47.151890_18.430515_248.jpg,1,null,
01295_47.151860_18.430403_248.jpg,1,null,
01296_47.151830_18.430290_241.jpg,1,null,
01297_47.151790_18.430183_241.jpg,1,null,
01298_47.151750_18.430077_241.jpg,1,null,
01299_47.151710_18.429970_241.jpg,1,null,
01300_47.151670_18.429863_241.jpg,1,null,
01301_47.151630_18.429757_241.jpg,1,null,
01302_47.151590_18.429650_238.jpg,1,null,
01303_47.151544_18.429538_238.jpg,1,null,
01304_47.151498_18.429426_238.jpg,1,null,
01305_47.151452_18.429315_238.jpg,1,null,
01306_47.151406_18.429203_238.jpg,1,null,
01307_47.151360_18.429091_238.jpg,1,null,
01308_47.151314_18.428979_238.jpg,1,null,
01309_47.151268_18.428868_238.jpg,1,null,
01310_47.151221_18.428756_238.jpg,1,null,
01311_47.151175_18.428644_238.jpg,1,null,
01312_47.151129_18.428532_238.jpg,1,null,
01313_47.151083_18.428420_238.jpg,1,null,
01314_47.151037_18.428309_238.jpg,1,null,
01315_47.150991_18.428197_238.jpg,1,null,
01316_47.150945_18.428085_238.jpg,1,null,
01317_47.150899_18.427973_238.jpg,1,null,
01318_47.150853_18.427861_238.jpg,1,null,
01319_47.150807_18.427750_238.jpg,1,null,
01320_47.150761_18.427638_238.jpg,1,null,
01321_47.150715_18.427526_238.jpg,1,null,
01322_47.150669_18.427414_238.jpg,1,null,
01323_47.150623_18.427302_238.jpg,1,null,
01324_47.150576_18.427191_238.jpg,1,null,
01325_47.150530_18.427079_238.jpg,1,null,
01326_47.150484_18.426967_238.jpg,2,null,
01327_47.150438_18.426855_238.jpg,2,null,
01328_47.150392_18.426744_238.jpg,1,null,
01329_47.150346_18.426632_238.jpg,1,null,
01330_47.150300_18.426520_236.jpg,1,null,
01331_47.150256_18.426420_236.jpg,1,null,
01332_47.150211_18.426320_236.jpg,1,null,
01333_47.150167_18.426220_236.jpg,1,null,
01334_47.150122_18.426120_236.jpg,1,null,
01335_47.150078_18.426020_236.jpg,1,null,
01336_47.150033_18.425920_236.jpg,1,null,
01337_47.149989_18.425820_236.jpg,1,null,
01338_47.149944_18.425720_236.jpg,2,null,
01339_47.149900_18.425620_239.jpg,2,null,
01340_47.149855_18.425506_239.jpg,2,null,
01341_47.149810_18.425391_239.jpg,1,null,
01342_47.149765_18.425277_239.jpg,1,null,
01343_47.149720_18.425162_239.jpg,2,null,
01344_47.149675_18.425048_239.jpg,2,null,
01345_47.149630_18.424933_239.jpg,1,null,
01346_47.149585_18.424819_239.jpg,1,null,
01347_47.149540_18.424704_239.jpg,1,null,
01348_47.149495_18.424590_239.jpg,2,null,
01349_47.149450_18.424476_239.jpg,2,null,
01350_47.149405_18.424361_239.jpg,1,null,
01351_47.149360_18.424247_239.jpg,2,null,
01352_47.149315_18.424132_239.jpg,2,null,
01353_47.149270_18.424018_239.jpg,2,null,
01354_47.149225_18.423903_239.jpg,3,null,
01355_47.149180_18.423789_239.jpg,1,null,
01356_47.149135_18.423674_239.jpg,1,null,
01357_47.149090_18.423560_239.jpg,1,null,
01358_47.149045_18.423447_239.jpg,1,null,
01359_47.148999_18.423334_239.jpg,1,null,
01360_47.148954_18.423221_239.jpg,1,null,
01361_47.148908_18.423108_239.jpg,1,null,
01362_47.148863_18.422995_239.jpg,1,null,
01363_47.148818_18.422882_239.jpg,1,null,
01364_47.148772_18.422768_239.jpg,1,null,
01365_47.148727_18.422655_239.jpg,1,null,
01366_47.148682_18.422542_239.jpg,1,null,
01367_47.148636_18.422429_239.jpg,1,null,
01368_47.148591_18.422316_239.jpg,1,null,
01369_47.148545_18.422203_239.jpg,1,null,
01370_47.148500_18.422090_243.jpg,1,null,
01371_47.148461_18.421974_243.jpg,1,null,
01372_47.148423_18.421859_243.jpg,1,null,
01373_47.148384_18.421743_243.jpg,1,null,
01374_47.148346_18.421627_243.jpg,2,null,
01375_47.148307_18.421511_243.jpg,1,null,
01376_47.148269_18.421396_243.jpg,1,null,
01377_47.148230_18.421280_248.jpg,1,null,
01378_47.148200_18.421170_248.jpg,1,null,
01379_47.148170_18.421060_248.jpg,1,null,
01380_47.148140_18.420950_248.jpg,1,null,
01381_47.148110_18.420840_247.jpg,2,null,
01412_47.147636_18.417080_267.jpg,2,null,
01413_47.147631_18.416950_267.jpg,2,null,
01414_47.147627_18.416820_267.jpg,2,null,
01415_47.147623_18.416690_267.jpg,2,null,
01416_47.147619_18.416560_267.jpg,1,null,
01417_47.147614_18.416430_267.jpg,2,null,
01418_47.147610_18.416300_268.jpg,2,null,
01419_47.147608_18.416168_268.jpg,2,null,
01420_47.147606_18.416036_268.jpg,2,null,
01421_47.147604_18.415904_268.jpg,1,null,
01429_47.147588_18.414848_268.jpg,2,null,
01430_47.147586_18.414716_268.jpg,2,null,
01431_47.147584_18.414584_268.jpg,2,null,
01432_47.147582_18.414452_268.jpg,1,null,
01433_47.147580_18.414320_268.jpg,1,null,
01434_47.147578_18.414188_268.jpg,1,null,
01435_47.147576_18.414056_268.jpg,2,null,
01436_47.147574_18.413924_268.jpg,1,null,
01437_47.147572_18.413792_268.jpg,1,null,
01438_47.147570_18.413660_268.jpg,1,null,
01439_47.147567_18.413528_268.jpg,1,null,
01440_47.147564_18.413396_268.jpg,1,null,
01441_47.147561_18.413264_268.jpg,1,null,
01442_47.147559_18.413131_268.jpg,1,null,
01443_47.147556_18.412999_268.jpg,1,null,
01444_47.147553_18.412867_268.jpg,1,null,
01445_47.147550_18.412735_268.jpg,1,null,
01446_47.147547_18.412603_268.jpg,1,null,
01447_47.147544_18.412471_268.jpg,1,null,
01448_47.147541_18.412339_268.jpg,1,null,
01449_47.147539_18.412206_268.jpg,1,null,
01450_47.147536_18.412074_268.jpg,1,null,
01451_47.147533_18.411942_268.jpg,1,null,
01452_47.147530_18.411810_269.jpg,1,null,
01453_47.147529_18.411683_269.jpg,1,null,
01454_47.147528_18.411555_269.jpg,2,null,
01455_47.147527_18.411428_269.jpg,1,null,
01456_47.147526_18.411301_269.jpg,1,null,
01457_47.147525_18.411173_269.jpg,1,null,
01458_47.147524_18.411046_269.jpg,1,null,
01459_47.147523_18.410918_269.jpg,1,null,
01460_47.147522_18.410791_269.jpg,1,null,
01461_47.147521_18.410664_269.jpg,1,null,
01462_47.147519_18.410536_269.jpg,2,null,
01463_47.147518_18.410409_269.jpg,2,null,
01464_47.147517_18.410282_269.jpg,2,null,
01465_47.147516_18.410154_269.jpg,2,null,
01466_47.147515_18.410027_269.jpg,2,null,
01467_47.147514_18.409899_269.jpg,1,null,
01468_47.147513_18.409772_269.jpg,1,null,
01469_47.147512_18.409645_269.jpg,1,null,
01470_47.147511_18.409517_269.jpg,1,null,
01471_47.147510_18.409390_272.jpg,1,null,
01472_47.147513_18.409269_272.jpg,1,null,
01473_47.147516_18.409148_272.jpg,2,null,
01474_47.147519_18.409027_272.jpg,2,null,
01475_47.147522_18.408906_272.jpg,2,null,
01476_47.147525_18.408785_272.jpg,2,null,
01477_47.147528_18.408664_272.jpg,3,null,
01478_47.147531_18.408543_272.jpg,3,null,
01479_47.147534_18.408422_272.jpg,3,null,
01480_47.147537_18.408301_272.jpg,3,null,
01481_47.147540_18.408180_272.jpg,2,null,
01482_47.147543_18.408050_272.jpg,2,null,
01483_47.147547_18.407920_272.jpg,2,null,
01484_47.147550_18.407790_272.jpg,2,null,
01485_47.147553_18.407660_272.jpg,5,null,
01486_47.147557_18.407530_272.jpg,3,null,
01487_47.147560_18.407400_274.jpg,3,null,
01488_47.147567_18.407273_274.jpg,3,null,
01489_47.147574_18.407146_274.jpg,2,null,
01490_47.147582_18.407018_274.jpg,3,null,
01491_47.147589_18.406891_274.jpg,3,null,
01492_47.147596_18.406764_274.jpg,2,null,
01493_47.147603_18.406637_274.jpg,2,null,
01494_47.147611_18.406509_274.jpg,2,null,
01495_47.147618_18.406382_274.jpg,2,null,
01496_47.147625_18.406255_274.jpg,2,null,
01497_47.147632_18.406128_274.jpg,2,null,
01498_47.147639_18.406001_274.jpg,2,null,
01499_47.147647_18.405873_274.jpg,2,null,
01500_47.147654_18.405746_274.jpg,3,null,
01558_47.148293_18.398269_277.jpg,1.5,"[""smooth"", ""mild_wear""]",""
01560_47.148316_18.398017_277.jpg,1.5,"[""smooth""]",""
01561_47.148327_18.397891_277.jpg,1.5,"[""smooth""]",""
01565_47.148373_18.397382_277.jpg,1,null,
01566_47.148385_18.397253_277.jpg,1,null,
01567_47.148397_18.397124_277.jpg,1,null,
01568_47.148408_18.396996_277.jpg,2,null,
01569_47.148420_18.396867_277.jpg,2,null,
01570_47.148432_18.396738_277.jpg,2,null,
01571_47.148443_18.396609_277.jpg,2,null,
01572_47.148455_18.396480_277.jpg,2,null,
01573_47.148467_18.396351_277.jpg,3,null,
01574_47.148478_18.396222_277.jpg,1,null,
01575_47.148490_18.396093_277.jpg,1,null,
01576_47.148502_18.395964_277.jpg,1,null,
01577_47.148513_18.395836_277.jpg,1,null,
01578_47.148525_18.395707_277.jpg,1,null,
01579_47.148537_18.395578_277.jpg,1,null,
01580_47.148548_18.395449_277.jpg,1,null,
01581_47.148560_18.395320_280.jpg,1,null,
01582_47.148574_18.395202_280.jpg,1,null,
01583_47.148589_18.395084_280.jpg,1,null,
01584_47.148603_18.394967_280.jpg,1,null,
01585_47.148618_18.394849_280.jpg,2,null,
01586_47.148632_18.394731_280.jpg,2,null,
01587_47.148647_18.394613_280.jpg,1,null,
01588_47.148661_18.394496_280.jpg,1,null,
01589_47.148676_18.394378_280.jpg,1,null,
01590_47.148690_18.394260_283.jpg,1,null,
01591_47.148710_18.394136_283.jpg,1,null,
01592_47.148730_18.394012_283.jpg,1,null,
01593_47.148750_18.393888_283.jpg,1,null,
01594_47.148770_18.393764_283.jpg,1,null,
01595_47.148790_18.393640_283.jpg,1,null,
01596_47.148810_18.393516_283.jpg,1,null,
01597_47.148830_18.393392_283.jpg,1,null,
01598_47.148850_18.393268_283.jpg,1,null,
01599_47.148870_18.393144_283.jpg,1,null,
01600_47.148890_18.393020_284.jpg,1,null,
01601_47.148912_18.392896_284.jpg,1,null,
01602_47.148933_18.392772_284.jpg,1,null,
01603_47.148955_18.392648_284.jpg,1,null,
01604_47.148977_18.392524_284.jpg,1,null,
01605_47.148999_18.392400_284.jpg,1,null,
01606_47.149020_18.392277_284.jpg,1,null,
01607_47.149042_18.392153_284.jpg,1,null,
01608_47.149064_18.392029_284.jpg,1,null,
01609_47.149086_18.391905_284.jpg,1,null,
01610_47.149107_18.391781_284.jpg,1,null,
01611_47.149129_18.391657_284.jpg,1,null,
01612_47.149151_18.391533_284.jpg,1,null,
01613_47.149173_18.391409_284.jpg,1,null,
01614_47.149194_18.391285_284.jpg,1,null,
01615_47.149216_18.391161_284.jpg,1,null,
01616_47.149238_18.391037_284.jpg,1,null,
01617_47.149260_18.390913_284.jpg,1,null,
01618_47.149281_18.390790_284.jpg,1,null,
01619_47.149303_18.390666_284.jpg,1,null,
01620_47.149325_18.390542_284.jpg,1,null,
01621_47.149347_18.390418_284.jpg,1,null,
01622_47.149368_18.390294_284.jpg,1,null,
01623_47.149390_18.390170_285.jpg,1,null,
01624_47.149413_18.390051_285.jpg,1,null,
01625_47.149436_18.389931_285.jpg,1,null,
01626_47.149459_18.389812_285.jpg,1,null,
01627_47.149481_18.389693_285.jpg,1,null,
01628_47.149504_18.389574_285.jpg,1,null,
01629_47.149527_18.389454_285.jpg,1,null,
01630_47.149550_18.389335_285.jpg,1,null,
01631_47.149573_18.389216_285.jpg,1,null,
01632_47.149596_18.389096_285.jpg,1,null,
01633_47.149619_18.388977_285.jpg,1,null,
01634_47.149641_18.388858_285.jpg,1,null,
01635_47.149664_18.388739_285.jpg,1,null,
01636_47.149687_18.388619_285.jpg,1,null,
01637_47.149710_18.388500_290.jpg,1,null,
01638_47.149741_18.388378_290.jpg,1,null,
01639_47.149772_18.388256_290.jpg,1,null,
01640_47.149803_18.388134_290.jpg,1,null,
01641_47.149834_18.388012_290.jpg,1,null,
01663_47.150680_18.385570_306.jpg,1,null,
01664_47.150727_18.385477_306.jpg,1,null,
01665_47.150773_18.385383_306.jpg,1,null,
01666_47.150820_18.385290_311.jpg,1,null,
01667_47.150876_18.385198_311.jpg,1,null,
01668_47.150932_18.385106_311.jpg,1,null,
01669_47.150988_18.385014_311.jpg,1,null,
01670_47.151044_18.384922_311.jpg,1,null,
01671_47.151100_18.384830_316.jpg,1,null,
01672_47.151159_18.384749_316.jpg,1,null,
01673_47.151217_18.384667_316.jpg,1,null,
01674_47.151276_18.384586_316.jpg,1,null,
01675_47.151334_18.384504_316.jpg,1,null,
01676_47.151393_18.384423_316.jpg,1,null,
01677_47.151451_18.384341_316.jpg,1,null,
01678_47.151510_18.384260_323.jpg,1,null,
01679_47.151580_18.384184_323.jpg,1,null,
01680_47.151650_18.384108_323.jpg,1,null,
01681_47.151720_18.384031_323.jpg,1,null,
01682_47.151790_18.383955_323.jpg,1,null,
01683_47.151860_18.383879_323.jpg,1,null,
01684_47.151930_18.383803_323.jpg,1,null,
01685_47.152000_18.383726_323.jpg,1,null,
01686_47.152070_18.383650_328.jpg,1,null,
01687_47.152142_18.383586_328.jpg,1,null,
01688_47.152214_18.383522_328.jpg,1,null,
01689_47.152286_18.383458_328.jpg,1,null,
01690_47.152358_18.383394_328.jpg,1,null,
01691_47.152430_18.383330_328.jpg,1,null,
01692_47.152502_18.383266_328.jpg,1,null,
01693_47.152574_18.383202_328.jpg,1,null,
01694_47.152646_18.383138_328.jpg,1,null,
01695_47.152718_18.383074_328.jpg,1,null,
01696_47.152790_18.383010_333.jpg,1,null,
01697_47.152866_18.382955_333.jpg,1,null,
01698_47.152942_18.382900_333.jpg,1,null,
01699_47.153018_18.382845_333.jpg,1,null,
01700_47.153094_18.382790_333.jpg,1,null,
01701_47.153170_18.382735_333.jpg,1,null,
01858_47.165393_18.376626_16.jpg,1,"[""smooth""]",""
01863_47.165810_18.376803_16.jpg,1,"[""smooth""]",""
01872_47.166531_18.377163_19.jpg,1,"[""smooth""]",""
01901_47.168902_18.378380_19.jpg,1,"[""smooth""]",""
01910_47.169640_18.378753_17.jpg,2.5,"[""mild_wear"", ""smooth"", ""cracked""]",""
01945_47.172465_18.379607_4.jpg,2.5,"[""mild_wear"", ""patched"", ""smooth""]",""
01946_47.172548_18.379618_4.jpg,2.5,"[""mild_wear"", ""patched"", ""smooth""]",""
01948_47.172716_18.379639_4.jpg,2.5,"[""mild_wear"", ""patched"", ""smooth""]",""
01951_47.172965_18.379665_3.jpg,2.5,"[""mild_wear"", ""patched"", ""smooth""]",""
01953_47.173130_18.379680_7.jpg,2.5,"[""mild_wear"", ""patched"", ""smooth""]",""
01954_47.173219_18.379697_7.jpg,2.5,"[""mild_wear"", ""patched"", ""smooth""]",""
01980_47.175417_18.380075_4.jpg,1.5,"[""smooth"", ""mild_wear""]",""
01986_47.175930_18.380140_4.jpg,1.5,"[""smooth"", ""mild_wear""]",""
01992_46.849350_17.344680_322.jpg,3.5,"[""heavy_wear"", ""cracked"", ""patched""]",""
02015_46.850730_17.342940_306.jpg,3,"[""heavy_wear"", ""shadow""]",""
02016_46.850773_17.342858_306.jpg,3,"[""heavy_wear"", ""shadow""]",""
02018_46.850858_17.342693_306.jpg,3,"[""heavy_wear"", ""shadow""]",""
02019_46.850900_17.342610_323.jpg,3,"[""heavy_wear"", ""shadow""]",""
02020_46.850968_17.342537_323.jpg,3,"[""heavy_wear"", ""shadow""]",""
02021_46.851035_17.342465_323.jpg,3,"[""heavy_wear"", ""shadow""]",""
02023_46.851170_17.342320_335.jpg,3,"[""heavy_wear"", ""shadow""]",""
02024_46.851245_17.342270_335.jpg,3,"[""heavy_wear"", ""shadow""]",""
02025_46.851320_17.342220_335.jpg,3,"[""heavy_wear"", ""shadow""]",""
02026_46.851395_17.342170_335.jpg,3,"[""heavy_wear"", ""shadow""]",""
02027_46.851470_17.342120_335.jpg,3,"[""heavy_wear"", ""shadow""]",""
02032_46.851847_17.341893_339.jpg,3,"[""heavy_wear"", ""shadow""]",""
02033_46.851922_17.341851_339.jpg,3,"[""heavy_wear"", ""shadow""]",""
02039_46.852363_17.341623_349.jpg,3,"[""heavy_wear"", ""shadow""]",""
02041_46.852490_17.341590_352.jpg,3,"[""heavy_wear"", ""shadow""]",""
02042_46.852560_17.341577_352.jpg,3,"[""heavy_wear"", ""shadow""]",""
02043_46.852630_17.341563_352.jpg,3,"[""heavy_wear"", ""shadow""]",""
02050_46.853146_17.341576_4.jpg,3,"[""heavy_wear"", ""shadow""]",""
02051_46.853225_17.341585_4.jpg,3,"[""heavy_wear"", ""shadow""]",""
02053_46.853383_17.341603_4.jpg,3.5,"[""patched"", ""heavy_wear""]",""
02055_46.853540_17.341620_358.jpg,3,"[""patched"", ""heavy_wear""]",""
02059_46.853887_17.341607_358.jpg,3,"[""patched"", ""heavy_wear""]",""
02061_46.854060_17.341600_354.jpg,3.5,"[""uneven"", ""cracked"", ""heavy_wear""]",""
02063_46.854220_17.341577_354.jpg,3.5,"[""uneven"", ""cracked"", ""heavy_wear""]",""
02065_46.854380_17.341553_354.jpg,3.5,"[""uneven"", ""cracked"", ""heavy_wear""]",""
02066_46.854460_17.341542_354.jpg,3.5,"[""uneven"", ""cracked"", ""heavy_wear""]",""
02095_46.856293_17.339883_289.jpg,3.5,"[""heavy_wear"", ""uneven"", ""cracked"", ""patched""]",""
02096_46.856317_17.339787_289.jpg,3.5,"[""heavy_wear"", ""uneven"", ""cracked"", ""patched""]",""
02097_46.856340_17.339690_264.jpg,4,"[""heavy_wear"", ""uneven"", ""cracked"", ""patched""]",""
02098_46.856335_17.339620_264.jpg,4,"[""heavy_wear"", ""uneven"", ""cracked"", ""patched""]",""
02099_46.856330_17.339550_263.jpg,4,"[""heavy_wear"", ""uneven"", ""cracked"", ""patched""]",""
02100_46.856320_17.339430_263.jpg,4,"[""heavy_wear"", ""uneven"", ""cracked"", ""patched"", ""fragmented""]",""
02103_46.856268_17.339062_256.jpg,4,"[""heavy_wear"", ""uneven"", ""cracked"", ""patched"", ""fragmented""]",""
02104_46.856247_17.338938_256.jpg,3.5,"[""uneven"", ""cracked"", ""heavy_wear"", ""patched""]",""
02105_46.856226_17.338814_256.jpg,3.5,"[""heavy_wear"", ""uneven"", ""cracked"", ""patched"", ""fragmented""]",""
02106_46.856205_17.338690_256.jpg,3.5,"[""heavy_wear"", ""uneven"", ""cracked"", ""patched"", ""fragmented""]",""
02107_46.856184_17.338566_256.jpg,3.5,"[""heavy_wear"", ""uneven"", ""cracked"", ""patched"", ""fragmented""]",""
02108_46.856163_17.338442_256.jpg,3.5,"[""heavy_wear"", ""uneven"", ""cracked"", ""patched"", ""fragmented""]",""
02109_46.856142_17.338318_256.jpg,3.5,"[""heavy_wear"", ""uneven"", ""cracked"", ""patched"", ""fragmented""]",""
02110_46.856121_17.338194_256.jpg,3.5,"[""uneven"", ""cracked"", ""heavy_wear"", ""patched""]",""
02111_46.856100_17.338070_268.jpg,3.5,"[""uneven"", ""cracked"", ""heavy_wear"", ""patched""]",""
02112_46.856098_17.337940_268.jpg,3.5,"[""uneven"", ""cracked"", ""heavy_wear"", ""patched""]",""
02113_46.856097_17.337810_268.jpg,3.5,"[""uneven"", ""cracked"", ""heavy_wear"", ""patched""]",""
02114_46.856095_17.337680_268.jpg,3,"[""uneven"", ""cracked"", ""heavy_wear""]",""
02137_46.855188_17.335204_233.jpg,3,"[""uneven"", ""cracked"", ""patched"", ""heavy_wear""]",""
02138_46.855137_17.335103_233.jpg,4,"[""heavy_wear"", ""patched"", ""fragmented"", ""cracked""]",""
02139_46.855085_17.335003_233.jpg,4,"[""heavy_wear"", ""patched"", ""fragmented"", ""cracked""]",""
02142_46.854931_17.334701_233.jpg,3,"[""uneven"", ""cracked"", ""patched"", ""heavy_wear""]",""
02143_46.854880_17.334600_243.jpg,3.5,"[""heavy_wear"", ""patched"", ""cracked"", ""fragmented"", ""shadow""]",""
02144_46.854840_17.334485_243.jpg,3.5,"[""heavy_wear"", ""patched"", ""cracked"", ""fragmented"", ""shadow""]",""
02146_46.854780_17.334257_255.jpg,2.5,"[""cracked"", ""fragmented"", ""heavy_wear""]",""
02147_46.854760_17.334143_255.jpg,3.5,"[""heavy_wear"", ""patched"", ""cracked"", ""fragmented"", ""shadow""]",""
02148_46.854740_17.334030_263.jpg,3.5,"[""heavy_wear"", ""patched"", ""cracked"", ""fragmented"", ""shadow""]",""
02149_46.854732_17.333920_263.jpg,3.5,"[""heavy_wear"", ""patched"", ""cracked"", ""fragmented"", ""shadow""]",""
02150_46.854724_17.333810_263.jpg,3.5,"[""heavy_wear"", ""patched"", ""cracked"", ""fragmented"", ""shadow""]",""
02152_46.854708_17.333590_263.jpg,3.5,"[""uneven"", ""cracked"", ""patched"", ""heavy_wear""]",""
02159_46.854683_17.332726_268.jpg,3.5,"[""fragmented"", ""cracked"", ""patched"", ""heavy_wear""]",""
02165_46.854604_17.332007_252.jpg,3.5,"[""heavy_wear"", ""uneven"", ""cracked"", ""patched""]",""
02168_46.854527_17.331639_252.jpg,3.5,"[""heavy_wear"", ""uneven"", ""cracked"", ""patched""]",""
02169_46.854501_17.331516_252.jpg,4,"[""heavy_wear"", ""uneven"", ""cracked"", ""patched""]",""
02170_46.854476_17.331393_252.jpg,3.5,"[""heavy_wear"", ""uneven"", ""cracked"", ""patched""]",""
02171_46.854450_17.331270_252.jpg,3.5,"[""heavy_wear"", ""uneven"", ""cracked"", ""patched""]",""
02182_46.879850_17.449170_223.jpg,2.5,"[""cracked"", ""fragmented"", ""heavy_wear""]",""
02183_46.879794_17.449092_223.jpg,3.5,"[""heavy_wear"", ""cracked""]",""
02184_46.879738_17.449014_223.jpg,2.5,"[""cracked"", ""fragmented"", ""heavy_wear""]",""
02185_46.879682_17.448936_223.jpg,1.5,"[""mild_wear"", ""cracked""]",""
02188_46.879503_17.448697_220.jpg,1.5,"[""mild_wear"", ""cracked""]",""
02192_46.879237_17.448363_220.jpg,1,[],""
02193_46.879170_17.448280_215.jpg,1,[],""
02196_46.878960_17.448061_215.jpg,1.5,"[""smooth""]",""
02201_46.878610_17.447696_215.jpg,1.5,"[""smooth""]",""
02206_46.878273_17.447314_219.jpg,1.5,"[""smooth""]",""
02225_46.877269_17.445551_238.jpg,1.5,"[""mild_wear"", ""cracked""]",""
02226_46.877225_17.445445_238.jpg,1.5,"[""mild_wear"", ""cracked""]",""
02228_46.877138_17.445233_238.jpg,1.5,"[""mild_wear"", ""cracked""]",""
02229_46.877094_17.445126_238.jpg,2.5,"[""mild_wear"", ""cracked""]",""
02231_46.877020_17.444907_248.jpg,2,"[""mild_wear"", ""cracked""]",""
02240_46.876780_17.443930_257.jpg,1.5,"[""mild_wear"", ""smooth""]",""
02241_46.876762_17.443816_257.jpg,1.5,"[""mild_wear"", ""smooth""]",""
02242_46.876744_17.443701_257.jpg,1.5,"[""smooth"", ""mild_wear"", ""cracked""]",""
02243_46.876727_17.443587_257.jpg,1.5,"[""smooth"", ""mild_wear"", ""cracked""]",""
02244_46.876709_17.443472_257.jpg,1.5,"[""smooth"", ""mild_wear"", ""cracked""]",""
02246_46.876673_17.443243_257.jpg,1.5,"[""smooth"", ""mild_wear""]",""
02248_46.876638_17.443014_257.jpg,2,"[""smooth"", ""mild_wear""]",""
02249_46.876620_17.442900_261.jpg,2,"[""smooth"", ""mild_wear""]",""
02250_46.876610_17.442807_261.jpg,1.5,"[""smooth"", ""mild_wear"", ""cracked""]",""
02251_46.876600_17.442713_261.jpg,2.5,"[""mild_wear"", ""cracked""]",""
02252_46.876590_17.442620_266.jpg,3,"[""heavy_wear"", ""cracked""]",""
02253_46.876586_17.442510_266.jpg,1.5,"[""smooth"", ""mild_wear"", ""cracked""]",""
02256_46.876574_17.442180_266.jpg,1.5,"[""smooth"", ""mild_wear"", ""cracked""]",""
02267_46.876690_17.440808_282.jpg,2.5,"[""mild_wear"", ""cracked"", ""patched""]",""
02292_46.877343_17.437856_289.jpg,1.5,"[""smooth"", ""mild_wear"", ""cracked""]",""
02293_46.877371_17.437736_289.jpg,1.5,"[""smooth"", ""mild_wear"", ""cracked""]",""
02294_46.877400_17.437617_289.jpg,1.5,"[""smooth"", ""mild_wear"", ""cracked""]",""
02297_46.877486_17.437258_289.jpg,1.5,"[""smooth"", ""mild_wear"", ""cracked""]",""
02298_46.877514_17.437139_289.jpg,1.5,"[""smooth"", ""mild_wear""]",""
02299_46.877543_17.437019_289.jpg,1.5,"[""smooth"", ""mild_wear""]",""
02302_46.877625_17.436668_288.jpg,2,"[""smooth"", ""mild_wear""]",""
02307_46.877750_17.436110_285.jpg,2,"[""smooth"", ""mild_wear""]",""
02308_46.877773_17.435988_285.jpg,1.5,"[""smooth""]",""
02309_46.877795_17.435865_285.jpg,1.5,"[""smooth""]",""
02311_46.877840_17.435620_279.jpg,1.5,"[""smooth""]",""
02313_46.877869_17.435366_279.jpg,1.5,"[""smooth""]",""
02315_46.877897_17.435111_279.jpg,1.5,"[""smooth""]",""
02316_46.877911_17.434984_279.jpg,1.5,"[""smooth"", ""mild_wear""]",""
02329_46.877918_17.433377_266.jpg,3.5,"[""heavy_wear"", ""shadow"", ""cracked""]",""
02332_46.877902_17.432985_266.jpg,3.5,"[""heavy_wear"", ""shadow"", ""cracked""]",""
02333_46.877897_17.432854_266.jpg,3.5,"[""heavy_wear"", ""shadow"", ""cracked""]",""
02334_46.877892_17.432723_266.jpg,3.5,"[""heavy_wear"", ""shadow"", ""cracked""]",""
02335_46.877886_17.432592_266.jpg,3,"[""heavy_wear""]",""
02336_46.877881_17.432462_266.jpg,3,"[""heavy_wear"", ""shadow""]",""
02337_46.877875_17.432331_266.jpg,3,"[""heavy_wear"", ""cracked""]",""
02340_46.877861_17.431963_266.jpg,3.5,"[""heavy_wear"", ""cracked""]",""
02341_46.877857_17.431844_266.jpg,3.5,"[""heavy_wear"", ""cracked""]",""
02342_46.877853_17.431726_266.jpg,3.5,"[""heavy_wear"", ""cracked""]",""
02344_46.877844_17.431489_266.jpg,3,"[""heavy_wear"", ""fragmented"", ""cracked"", ""shadow""]",""
02345_46.877840_17.431370_295.jpg,3,"[""heavy_wear"", ""fragmented"", ""cracked"", ""shadow""]",""
02346_46.877870_17.431280_295.jpg,3,"[""heavy_wear"", ""fragmented"", ""cracked"", ""shadow""]",""
02347_46.877900_17.431190_295.jpg,3,"[""heavy_wear"", ""fragmented"", ""cracked"", ""shadow""]",""
02350_46.877990_17.430970_317.jpg,2.5,"[""mild_wear""]",""
02352_46.878030_17.430865_282.jpg,3.5,"[""cracked"", ""heavy_wear"", ""shadow""]",""
02367_46.877800_17.429650_298.jpg,2.5,"[""mild_wear"", ""smooth"", ""cracked""]",""
02368_46.877830_17.429570_308.jpg,2,"[""mild_wear"", ""smooth"", ""cracked""]",""
02369_46.877885_17.429470_308.jpg,2,"[""mild_wear"", ""smooth"", ""cracked""]",""
02371_46.877998_17.429280_313.jpg,2,"[""mild_wear"", ""smooth"", ""cracked""]",""
02372_46.878057_17.429190_313.jpg,2,"[""mild_wear"", ""smooth"", ""cracked""]",""
02374_46.878173_17.429010_313.jpg,1.5,"[""mild_wear"", ""smooth""]",""
02378_46.878395_17.428700_319.jpg,1.5,"[""cracked"", ""mild_wear"", ""smooth""]",""
02379_46.878448_17.428635_319.jpg,1.5,"[""cracked"", ""mild_wear"", ""smooth""]",""
02380_46.878500_17.428570_325.jpg,1.5,"[""cracked"", ""mild_wear"", ""smooth""]",""
02381_46.878565_17.428505_325.jpg,1.5,"[""cracked"", ""mild_wear"", ""smooth""]",""
02382_46.878630_17.428440_325.jpg,1.5,"[""cracked"", ""mild_wear"", ""smooth""]",""
02383_46.878695_17.428375_325.jpg,1.5,"[""cracked"", ""mild_wear"", ""smooth""]",""
02406_46.880207_17.426563_318.jpg,2,"[""smooth"", ""mild_wear"", ""car"", ""cracked""]",""
02407_46.880273_17.426477_318.jpg,1.5,"[""smooth"", ""mild_wear"", ""car"", ""cracked""]",""
02409_46.880401_17.426303_315.jpg,1.5,"[""smooth"", ""mild_wear"", ""car"", ""cracked""]",""
02411_46.880524_17.426128_315.jpg,1.5,"[""smooth"", ""mild_wear"", ""car"", ""cracked""]",""
02412_46.880585_17.426040_315.jpg,1.5,"[""smooth"", ""mild_wear"", ""car"", ""cracked""]",""
02416_46.880830_17.425690_311.jpg,1.5,"[""smooth"", ""mild_wear"", ""car"", ""cracked""]",""
02417_46.880884_17.425600_311.jpg,1.5,"[""smooth"", ""mild_wear"", ""car""]",""
02418_46.880938_17.425510_311.jpg,1.5,"[""smooth"", ""mild_wear"", ""car""]",""
02419_46.880992_17.425420_311.jpg,1.5,"[""smooth"", ""mild_wear"", ""car""]",""
02420_46.881046_17.425330_311.jpg,1.5,"[""smooth"", ""mild_wear"", ""car""]",""
02422_46.881146_17.425150_306.jpg,2,"[""smooth"", ""mild_wear"", ""car""]",""
02423_46.881192_17.425060_306.jpg,2,"[""smooth"", ""mild_wear"", ""car""]",""
02426_46.881330_17.424790_297.jpg,1.5,"[""smooth"", ""mild_wear"", ""car""]",""
02427_46.881370_17.424676_297.jpg,1.5,"[""smooth"", ""mild_wear"", ""car""]",""
02428_46.881410_17.424562_297.jpg,1.5,"[""smooth"", ""mild_wear"", ""car""]",""
02430_46.881490_17.424334_297.jpg,2,"[""smooth"", ""mild_wear"", ""car""]",""
02431_46.881530_17.424220_292.jpg,2,"[""smooth"", ""mild_wear"", ""car"", ""shadow""]",""
02433_46.881593_17.423995_292.jpg,2,"[""smooth"", ""mild_wear"", ""car"", ""shadow""]",""
02434_46.881625_17.423883_292.jpg,2,"[""smooth"", ""mild_wear"", ""car"", ""shadow""]",""
02435_46.881657_17.423770_292.jpg,2,"[""smooth"", ""mild_wear"", ""car"", ""shadow""]",""
02436_46.881688_17.423658_292.jpg,2,"[""smooth"", ""mild_wear""]",""
02438_46.881752_17.423433_292.jpg,1.5,"[""smooth"", ""mild_wear"", ""shadow""]",""
02439_46.881783_17.423320_292.jpg,1.5,"[""smooth"", ""mild_wear"", ""shadow""]",""
02440_46.881815_17.423208_292.jpg,2,"[""mild_wear""]",""
02441_46.881847_17.423095_292.jpg,2.5,"[""cracked"", ""mild_wear"", ""smooth""]",""
02442_46.881878_17.422983_292.jpg,2,"[""mild_wear"", ""shadow""]",""
02443_46.881910_17.422870_290.jpg,1.5,"[""mild_wear"", ""shadow"", ""cracked""]",""
02444_46.881940_17.422750_290.jpg,2.5,"[""mild_wear"", ""smooth""]",""
02445_46.881970_17.422630_290.jpg,1.5,"[""mild_wear"", ""shadow""]",""
02446_46.882000_17.422510_311.jpg,2.5,"[""mild_wear""]",""
02447_46.882030_17.422460_341.jpg,2,"[""mild_wear"", ""cracked"", ""shadow""]",""
02448_46.882070_17.422440_0.jpg,2.5,"[""mild_wear"", ""cracked"", ""car""]",""
02449_46.882135_17.422440_0.jpg,3.5,"[""heavy_wear"", ""cracked"", ""shadow"", ""car""]",""
02450_46.882200_17.422440_15.jpg,3.5,"[""heavy_wear"", ""cracked"", ""shadow"", ""car""]",""
02451_46.882250_17.422460_53.jpg,3.5,"[""heavy_wear"", ""cracked"", ""shadow"", ""uneven""]",""
02452_46.882260_17.422480_69.jpg,3.5,"[""heavy_wear"", ""cracked"", ""shadow""]",""
02453_46.882270_17.422520_24.jpg,3.5,"[""shadow"", ""heavy_wear"", ""cracked""]",""
02454_46.882300_17.422540_29.jpg,3.5,"[""shadow"", ""heavy_wear"", ""cracked""]",""
02455_46.882360_17.422590_355.jpg,3.5,"[""shadow"", ""heavy_wear"", ""cracked"", ""car""]",""
02456_46.882440_17.422580_325.jpg,3.5,"[""shadow"", ""heavy_wear"", ""cracked"", ""car""]",""
02457_46.882500_17.422520_293.jpg,2.5,"[""mild_wear""]",""
02458_46.882530_17.422420_270.jpg,3.5,"[""shadow"", ""heavy_wear"", ""cracked"", ""car""]",""
02459_46.882530_17.422320_236.jpg,3.5,"[""shadow"", ""heavy_wear"", ""cracked"", ""car""]",""
02460_46.882490_17.422230_264.jpg,3.5,"[""shadow"", ""heavy_wear"", ""cracked"", ""car""]",""
02462_46.882480_17.422070_280.jpg,1.5,"[""smooth"", ""mild_wear""]",""
02463_46.882492_17.421968_280.jpg,1.5,"[""smooth"", ""mild_wear"", ""car""]",""
02464_46.882505_17.421865_280.jpg,2,"[""mild_wear"", ""smooth"", ""shadow"", ""car""]",""
02465_46.882518_17.421763_280.jpg,2.5,"[""mild_wear"", ""smooth"", ""shadow""]",""
02466_46.882530_17.421660_281.jpg,2,"[""mild_wear"", ""smooth"", ""shadow"", ""car""]",""
02467_46.882546_17.421540_281.jpg,2,"[""mild_wear"", ""smooth"", ""shadow"", ""car""]",""
02468_46.882562_17.421420_281.jpg,2,"[""mild_wear"", ""smooth"", ""shadow""]",""
02469_46.882578_17.421300_281.jpg,2,"[""mild_wear"", ""smooth"", ""shadow"", ""car""]",""
02470_46.882594_17.421180_281.jpg,2,"[""mild_wear"", ""smooth"", ""shadow""]",""
02473_46.880647_17.452306_255.jpg,2.5,"[""mild_wear"", ""smooth"", ""car""]",""
02474_46.880626_17.452189_255.jpg,1.5,"[""smooth"", ""mild_wear""]",""
02475_46.880604_17.452071_255.jpg,2,"[""smooth"", ""mild_wear""]",""
02482_46.880450_17.451270_257.jpg,3.5,"[""car"", ""mild_wear"", ""cracked""]",""
02485_46.880410_17.451010_270.jpg,3.5,"[""uneven"", ""cracked"", ""heavy_wear"", ""patched"", ""car""]",""
02486_46.880410_17.450925_270.jpg,3.5,"[""uneven"", ""cracked"", ""heavy_wear"", ""patched"", ""fragmented""]",""
02487_46.880410_17.450840_311.jpg,3.5,"[""uneven"", ""cracked"", ""heavy_wear"", ""patched"", ""fragmented""]",""
02488_46.880440_17.450790_286.jpg,3.5,"[""uneven"", ""cracked"", ""heavy_wear"", ""patched"", ""fragmented""]",""
02489_46.880450_17.450740_270.jpg,3.5,"[""uneven"", ""cracked"", ""heavy_wear"", ""patched"", ""fragmented""]",""
02490_46.880450_17.450610_236.jpg,3.5,"[""uneven"", ""cracked"", ""heavy_wear"", ""patched"", ""shadow""]",""
02491_46.880410_17.450520_210.jpg,3.5,"[""uneven"", ""cracked"", ""heavy_wear"", ""patched""]",""
02492_46.880340_17.450460_180.jpg,3.5,"[""smooth"", ""cracked"", ""uneven"", ""heavy_wear"", ""patched"", ""car""]",""
02493_46.880320_17.450460_247.jpg,2,"[""smooth"", ""mild_wear"", ""cracked""]",""
02494_46.880295_17.450370_247.jpg,2,"[""smooth"", ""mild_wear""]",""
sv_4066_b9fb72d5.jpg,2,null,
sv_4067_3641efe6.jpg,2,null,
sv_4068_ad917d8a.jpg,2,null,
sv_4069_9a262694.jpg,2,null,
sv_4070_ad6768a0.jpg,2,null,
sv_4071_c427b07c.jpg,2,null,
sv_4072_2089b9cc.jpg,2,null,
sv_4073_10b245f6.jpg,2,null,
sv_4074_de62577b.jpg,2,null,
sv_4075_18e2a3b3.jpg,2,null,
sv_4076_80520cf3.jpg,2,null,
sv_4077_a20d91db.jpg,2,null,
sv_4078_5fe3af3f.jpg,2,null,
sv_4079_ac6b3d27.jpg,2,null,
sv_4080_2cae2a1b.jpg,2,null,
sv_4081_0596ee68.jpg,2,null,
sv_4082_4232ea3e.jpg,2,null,
sv_4083_98a3c15f.jpg,2,null,
sv_4084_9c6b011d.jpg,2,null,
sv_4085_8079a8fb.jpg,1,null,
sv_4086_0e92ef74.jpg,1,null,
sv_4087_5fe164a4.jpg,1,null,
sv_4088_b08c8bec.jpg,1,null,
sv_4089_84d46d6c.jpg,1,null,
sv_4090_b8be58e5.jpg,1,null,
sv_4091_5e7e2cb6.jpg,2,null,
sv_4092_fa9a4a19.jpg,2,null,
sv_4093_0f2ee414.jpg,1,null,
sv_4094_ce1e40b3.jpg,1,null,
sv_4095_e272b4a8.jpg,1,null,
sv_4096_6e501eb5.jpg,1,null,
sv_4097_48e5cb13.jpg,1,null,
sv_4098_49d95b29.jpg,1,null,
sv_4099_00835af4.jpg,1,null,
sv_4100_c1b59e8e.jpg,2,null,
sv_4101_e1cb7918.jpg,2,null,
sv_4102_993a9db3.jpg,2,null,
sv_4103_42f0281f.jpg,2,null,
sv_4104_c3386623.jpg,2,null,
sv_4105_11ae760f.jpg,2,null,
sv_4106_d9d43645.jpg,2,null,
sv_4107_87757103.jpg,2,null,
sv_4108_d90a017f.jpg,2,null,
sv_4109_8cd194c9.jpg,2,null,
sv_4110_d23bd0ac.jpg,2,null,
sv_4111_f0c73c16.jpg,2,null,
sv_4112_976f238d.jpg,2,null,
sv_4113_17c592ad.jpg,2,null,
sv_4114_db7dd62b.jpg,2,null,
sv_4115_e6cd730a.jpg,2,null,
sv_4116_431690e3.jpg,2,null,
sv_4117_1fa56da0.jpg,2,null,
sv_4118_0c5a6970.jpg,2,null,
sv_4119_07accefa.jpg,2,null,
sv_4120_fc1fd22c.jpg,2,null,
sv_4121_67561b44.jpg,2,null,
sv_4122_f89aa951.jpg,2,null,
sv_4123_f07d6b88.jpg,2,null,
sv_4124_632d93e0.jpg,2,null,
sv_4125_082236d3.jpg,2,null,
sv_4126_cda13c83.jpg,2,null,
sv_4127_2e73ad1e.jpg,2,null,
sv_4128_540e9690.jpg,2,null,
sv_4129_849a95e9.jpg,2,null,
sv_4130_7ae8d51d.jpg,2,null,
sv_4131_d8af2918.jpg,2,null,
sv_4132_055117ca.jpg,2,null,
sv_4133_7c9748cc.jpg,2,null,
sv_4134_1970c1f4.jpg,2,null,
sv_4135_da6b2d8c.jpg,2,null,
sv_4136_e70e6e32.jpg,2,null,
sv_4137_23ad464f.jpg,2,null,
sv_4138_5e7851b7.jpg,2,null,
sv_4139_c209b074.jpg,2,null,
sv_4140_7cf02f65.jpg,2,null,
sv_4141_d166a56f.jpg,2,null,
sv_4142_dc7f1bab.jpg,2,null,
sv_4143_c91bee22.jpg,2,null,
sv_4144_5f8d9d66.jpg,2,null,
sv_4145_67e9f473.jpg,2,null,
sv_4146_8f069d71.jpg,2,null,
sv_4147_b61ac642.jpg,2,null,
sv_4148_8b67b6bc.jpg,2,null,
sv_4149_dea4dce5.jpg,2,null,
sv_4150_1eb8b778.jpg,2,null,
sv_4151_357ea1a4.jpg,2,null,
sv_4152_1d502f40.jpg,2,null,
sv_4153_2104023b.jpg,2,null,
sv_4154_1122d06f.jpg,2,null,
sv_4155_cd72b88b.jpg,2,null,
sv_4156_356c79ce.jpg,2,null,
sv_4157_c4c0647e.jpg,1,null,
sv_4158_8ee72f15.jpg,2,null,
sv_4159_098186c3.jpg,1,null,
sv_4160_a057e316.jpg,1,null,
sv_4161_a7c44e48.jpg,1,null,
sv_4162_d3f00565.jpg,1,null,
sv_4163_9acb0001.jpg,1,null,
sv_4164_b8a74385.jpg,1,null,
sv_4165_e1f6ea10.jpg,1,null,
sv_4166_27c2c26c.jpg,2,null,
sv_4167_ec03c73f.jpg,1,null,
sv_4168_05dcd6c7.jpg,1,null,
sv_4169_12a3bce3.jpg,2,null,
sv_4170_693e5edd.jpg,2,null,
sv_4171_abd35372.jpg,2,null,
sv_4172_cc0f4749.jpg,2,null,
sv_4173_322ec338.jpg,1,null,
sv_4174_fd33573c.jpg,1,null,
sv_4175_73fc5bd3.jpg,1,null,
sv_4176_37ce12d6.jpg,1,null,
sv_4177_0ccad279.jpg,1,null,
sv_4178_ee58f40d.jpg,1,null,
sv_4179_d08e0b42.jpg,1,null,
sv_4180_2e256440.jpg,1,null,
sv_4181_25e681ef.jpg,1,null,
sv_4182_4c666840.jpg,1,null,
sv_4183_c24c86fc.jpg,1,null,
sv_4184_fe3230ed.jpg,1,null,
sv_4185_5f5b8cdd.jpg,1,null,
sv_4186_e3648ef2.jpg,2,null,
sv_4187_86e673cc.jpg,1,null,
sv_4188_53ff86bf.jpg,1,null,
sv_4189_4b11660a.jpg,1,null,
sv_4190_03810bc4.jpg,1,null,
sv_4191_1a4b4520.jpg,1,null,
sv_4192_81ddf081.jpg,1,null,
sv_4193_1bab9233.jpg,1,null,
sv_4194_4c4b8801.jpg,1,null,
sv_4195_0ad3bc4d.jpg,1,null,
sv_4196_68dab599.jpg,1,null,
sv_4197_9d61dd9f.jpg,1,null,
sv_4318_b20ddf34.jpg,1,null,
sv_4319_6482f006.jpg,1,null,
sv_4320_b25e9b17.jpg,1,null,
sv_4321_d028218b.jpg,1,null,
sv_4322_1f005bd1.jpg,2,null,
sv_4323_196e9986.jpg,1,null,
sv_4324_7c18314e.jpg,1,null,
sv_4325_99b66c2d.jpg,1,null,
sv_4326_b76a4051.jpg,1,null,
sv_4327_d8da85e6.jpg,1,null,
sv_4328_e0a01696.jpg,1,null,
sv_4329_949023ef.jpg,1,null,
sv_4330_4522022c.jpg,1,null,
sv_4331_92106e74.jpg,1,null,
sv_4332_a6315b6b.jpg,1,null,
sv_4333_162696c0.jpg,1,null,
sv_4334_c6f54fa1.jpg,1,null,
sv_4335_b1a5326d.jpg,2,null,
sv_4336_1de91fc8.jpg,1,null,
sv_4337_6814a88e.jpg,1,null,
sv_4338_06437a9a.jpg,2,null,
sv_4339_9b1d79cc.jpg,2,null,
sv_4340_d6986816.jpg,2,null,
sv_4341_0ec9e35b.jpg,2,null,
sv_4342_a9dfce10.jpg,2,null,
sv_4343_1e24775e.jpg,2,null,
sv_4344_5c5e5f7c.jpg,2,null,
sv_4345_0adf2c3d.jpg,2,null,
sv_4346_f4ccd72d.jpg,2,null,
sv_4347_59532f92.jpg,1,null,
sv_4348_37df4df5.jpg,2,null,
sv_4349_d05d7874.jpg,1,null,
sv_4350_8d30cf79.jpg,1,null,
sv_4351_7cf9f456.jpg,2,null,
sv_4352_f3c6bfb8.jpg,1,null,
sv_4353_09117a32.jpg,1,null,
sv_4354_ee7712ef.jpg,1,null,
sv_4355_05d6d5c1.jpg,2,null,
sv_4356_2a571949.jpg,2,null,
sv_4357_0682a054.jpg,2,null,
sv_4358_f36cbb36.jpg,1,null,
sv_4359_270c7cf9.jpg,2,null,
sv_4360_29e68342.jpg,1,null,
sv_4361_d1023cdc.jpg,1,null,
sv_4362_7027be0e.jpg,1,null,
sv_4363_30a5e65b.jpg,1,null,
sv_4364_8eab1b16.jpg,1,null,
sv_4365_28157239.jpg,1,null,
sv_4366_b1787b76.jpg,1,null,
sv_4367_51fa11d5.jpg,1,null,
sv_4368_5c408c91.jpg,1,null,
sv_4369_670d609e.jpg,1,null,
sv_4370_1be082ca.jpg,1,null,
sv_4371_ecc2241a.jpg,1,null,
sv_4372_53106835.jpg,1,null,
sv_4373_9a643162.jpg,1,null,
sv_4374_23976fc8.jpg,1,null,
sv_4375_e189c30a.jpg,1,null,
sv_4376_1e4bcab9.jpg,2,null,
sv_4377_f136c0c2.jpg,2,null,
sv_4378_7d671644.jpg,1,null,
sv_4379_7a5c13a1.jpg,1,null,
sv_4380_f570838e.jpg,1,null,
sv_4381_c7455dc6.jpg,1,null,
sv_4382_46129882.jpg,1,null,
sv_4383_0745e706.jpg,1,null,
sv_4384_48c44f8e.jpg,2,null,
sv_4385_e4936b32.jpg,2,null,
sv_4386_e49a604b.jpg,1,null,
sv_4387_2d9a0a00.jpg,1,null,
sv_4388_95a38fb0.jpg,1,null,
sv_4389_8b008247.jpg,1,null,
sv_4390_547d9a43.jpg,1,null,
sv_4391_9ebe3c69.jpg,1,null,
sv_4392_b93f57b2.jpg,1,null,
sv_4393_108ba468.jpg,1,null,
sv_4394_a4d31de7.jpg,1,null,
sv_4395_d15fc96d.jpg,1,null,
sv_4396_5f821dfd.jpg,1,null,
sv_4397_11ac41a5.jpg,1,null,
sv_4398_6e04a331.jpg,1,null,
sv_4399_42ae6bf2.jpg,1,null,
sv_4400_a3e8b614.jpg,1,null,
sv_4401_d561d7dc.jpg,1,null,
sv_4402_f67ca969.jpg,1,null,
sv_4403_3d69f99b.jpg,1,null,
sv_4404_1d7362ec.jpg,1,null,
sv_4405_fc510e0d.jpg,1,null,
sv_4406_c9bd9b5e.jpg,1,null,
sv_4407_906e7c17.jpg,1,null,
sv_4408_ba36e12c.jpg,1,null,
sv_4409_44c24de1.jpg,1,null,
sv_4410_3e9b0207.jpg,1,null,
sv_4411_d2885996.jpg,1,null,
sv_4412_697bd7ad.jpg,1,null,
sv_4413_fa652024.jpg,1,null,
sv_4414_4b45024e.jpg,1,null,
sv_4415_251ec207.jpg,1,null,
sv_4416_50eb44a8.jpg,2,null,
sv_4417_238e182e.jpg,2,null,
sv_4418_e4c992d9.jpg,1,null,
sv_4419_e3e85a48.jpg,1,null,
sv_4420_4650b168.jpg,1,null,
sv_4421_07fc69a7.jpg,1,null,
sv_4422_e4c60c56.jpg,1,null,
sv_4423_c7bec116.jpg,1,null,
sv_4424_3c4fbee3.jpg,1,null,
sv_4425_c327d83f.jpg,1,null,
sv_4426_f61762f1.jpg,1,null,
sv_4427_44e41329.jpg,1,null,
sv_4428_b6463284.jpg,1,null,
sv_4429_3667fe37.jpg,1,null,
sv_4430_84d33a99.jpg,1,null,
sv_4431_df6411cc.jpg,2,null,
sv_4432_a2e01294.jpg,1,null,
sv_4433_c15f25ad.jpg,1,null,
sv_4434_44e84036.jpg,1,null,
sv_4435_2b938d3d.jpg,1,null,
sv_4436_85e4f632.jpg,1,null,
sv_4437_b8fc1009.jpg,1,null,
sv_4438_f0bf04fd.jpg,1,null,
sv_4439_b852d7c7.jpg,1,null,
sv_4440_998abfe8.jpg,1,null,
sv_4441_46319d70.jpg,2,null,
sv_4442_bb74ad96.jpg,2,null,
sv_4443_4f7e5c38.jpg,1,null,
sv_4444_48e21527.jpg,2,null,
sv_4445_4d7c165b.jpg,2,null,
sv_4446_cf9ef4df.jpg,1,null,
sv_4447_b0f52ddd.jpg,5,null,
sv_4448_8bc9e77a.jpg,2,null,
sv_4449_d33601c4.jpg,2,null,
sv_4450_6e528332.jpg,2,null,
sv_4451_9d8e1168.jpg,3,null,
sv_4452_9046f369.jpg,2,null,
sv_4453_0675824e.jpg,2,null,
sv_4454_acae1f5c.jpg,2,null,
sv_4455_1b07634f.jpg,3,null,
sv_4456_cb0a1350.jpg,2,null,
sv_4457_55c4f19a.jpg,3,null,
sv_4458_71f2a1f6.jpg,2,null,
sv_4459_c0bdceb9.jpg,2,null,
sv_4460_026f17a2.jpg,2,null,
sv_4461_9a33f587.jpg,3,null,
sv_4462_e65796e8.jpg,2,null,
sv_4463_c9e9fd41.jpg,3,null,
sv_4464_fc5cd462.jpg,2,null,
sv_4465_f579fcca.jpg,2,null,
sv_4466_230015c9.jpg,2,null,
sv_4467_0139f868.jpg,2,null,
sv_4468_b9c1d261.jpg,1,null,
sv_4469_35a3bb4c.jpg,1,null,
sv_4470_08a61878.jpg,2,null,
sv_4471_f4ce820b.jpg,2,null,
sv_4472_11662178.jpg,1,null,
sv_4473_7bd530e0.jpg,1,null,
sv_4474_3fab04cb.jpg,1,null,
sv_4475_664f7ca7.jpg,2,null,
sv_4476_ca0b662a.jpg,2,null,
sv_4477_4ac3f15a.jpg,2,null,
sv_4478_892f7b78.jpg,1,null,
sv_4479_c7cbcb09.jpg,1,null,
sv_4480_20145b3b.jpg,2,null,
sv_4481_bced53c1.jpg,1,null,
sv_4482_d7473ae2.jpg,1,null,
sv_4483_483e47c2.jpg,1,null,
sv_4484_a838f12f.jpg,1,null,
sv_4485_5e13a6b5.jpg,1,null,
sv_4486_0c393159.jpg,1,null,
sv_4487_c95b6215.jpg,1,null,
sv_4488_d547a399.jpg,1,null,
sv_4489_92aae72d.jpg,2,null,
sv_4490_46a544d7.jpg,2,null,
sv_4491_685cc35f.jpg,2,null,
sv_4492_7ac84818.jpg,2,null,
sv_4493_558c144c.jpg,2,null,
sv_4494_bfb010a1.jpg,2,null,
sv_4495_1004ef5f.jpg,2,null,
sv_4496_b4ca467e.jpg,1,null,
sv_4497_e1e1566c.jpg,1,null,
sv_4498_32cdee30.jpg,2,null,
sv_4499_03d7bbe2.jpg,1,null,
sv_4500_d095a25f.jpg,1,null,
sv_4501_0ebf1aa8.jpg,1,null,
sv_4502_60423d8e.jpg,1,null,
sv_4503_530bf207.jpg,1,null,
sv_4504_a7a4761e.jpg,2,null,
sv_4505_c8722144.jpg,2,null,
sv_4506_6dbb0e27.jpg,1,null,
sv_4507_6dd3baa5.jpg,1,null,
sv_4508_58dba7b2.jpg,1,null,
sv_4509_5419cb70.jpg,1,null,
sv_4510_ee344a17.jpg,2,null,
sv_4511_e3023207.jpg,1,null,
sv_4512_d3714da6.jpg,2,null,
sv_4513_d2a7bf16.jpg,2,null,
sv_4514_450c5fa4.jpg,2,null,
sv_4515_040744c6.jpg,1,null,
sv_4516_22597e81.jpg,1,null,
sv_4517_019b17f1.jpg,2,null,
sv_4518_4c967080.jpg,2,null,
sv_4519_841d1b7b.jpg,2,null,
sv_4520_2c9e4b08.jpg,1,null,
sv_4521_bc12f231.jpg,1,null,
sv_4522_d8d7a56b.jpg,1,null,
sv_4523_4bbda129.jpg,2,null,
sv_4524_b8bceb52.jpg,2,null,
sv_4525_e718e829.jpg,2,null,
sv_4526_365197ab.jpg,2,null,
sv_4527_202f666b.jpg,2,null,
sv_4528_541592d8.jpg,2,null,
sv_4529_c0f8322c.jpg,2,null,
sv_4530_3cdd3fe6.jpg,2,null,
sv_4531_48c4c36b.jpg,2,null,
sv_4532_85b7ec0d.jpg,2,null,
sv_4533_23e84bcb.jpg,2,null,
sv_4534_522ec0de.jpg,2,null,
sv_4535_fd0e9af3.jpg,2,null,
sv_4536_e6a48991.jpg,2,null,
sv_4537_4e4121dd.jpg,2,null,
sv_4538_be36e054.jpg,2,null,
sv_4539_8dc213a2.jpg,2,null,
sv_4540_b0fe3ca2.jpg,2,null,
sv_4541_7a9da332.jpg,2,null,
sv_4542_9daee562.jpg,2,null,
sv_4543_ad4e3cd3.jpg,2,null,
sv_4544_5ad71df7.jpg,2,null,
sv_4545_0a8dc34b.jpg,2,null,
sv_4546_daded7e5.jpg,2,null,
sv_4547_66a44904.jpg,2,null,
sv_4548_e59d0bec.jpg,2,null,
sv_4549_9edfe2b1.jpg,2,null,
sv_4550_079178ad.jpg,2,null,
sv_4551_477ebbe1.jpg,2,null,
sv_4552_c284c30e.jpg,2,null,
sv_4553_e3c2cf62.jpg,2,null,
sv_4554_fa120c6b.jpg,2,null,
sv_4555_62115746.jpg,2,null,
sv_4556_45e676a1.jpg,2,null,
sv_4557_f851aaf0.jpg,2,null,
sv_4558_8798e432.jpg,2,null,
sv_4559_fd0f3107.jpg,2,null,
sv_4560_7c6dda87.jpg,2,null,
sv_4561_4dfa03e0.jpg,2,null,
sv_4562_76eb86f3.jpg,2,null,
sv_4563_475fe016.jpg,2,null,
sv_4564_80701104.jpg,2,null,
sv_4565_d2d89fb2.jpg,2,null,
sv_4566_cfb80a4e.jpg,2,null,
sv_4567_f3877de7.jpg,2,null,
sv_4568_5613b004.jpg,2,null,
sv_4569_6c47e9ed.jpg,2,null,
sv_4570_a99ea509.jpg,2,null,
sv_4571_351ec638.jpg,2,null,
sv_4572_cf396f79.jpg,2,null,
sv_4573_a9928d31.jpg,2,null,
sv_4574_5fef7d5a.jpg,2,null,
sv_4575_aa1a751a.jpg,2,null,
sv_4576_4ca3adfb.jpg,1,null,
sv_4577_adcd0ac7.jpg,1,null,
sv_4578_1c46755b.jpg,1,null,
sv_4579_6cbf3efe.jpg,1,null,
sv_4580_f628e1e9.jpg,1,null,
sv_4581_d428d5fd.jpg,1,null,
sv_4582_94b078a9.jpg,1,null,
sv_4583_064c4ffb.jpg,1,null,
sv_4584_1c83d074.jpg,1,null,
sv_4585_d59b9566.jpg,2,null,
sv_4586_15a0cafc.jpg,1,null,
sv_4587_5eea6f04.jpg,1,null,
sv_4588_cbaf24a4.jpg,1,null,
sv_4589_3f2f6b08.jpg,2,null,
sv_4590_e53a21a4.jpg,2,null,
sv_4591_cf057872.jpg,2,null,
sv_4592_9dbaeab0.jpg,2,null,
sv_4593_4c714b9e.jpg,2,null,
sv_4594_57923a0c.jpg,2,null,
sv_4595_9a20c3c5.jpg,2,null,
sv_4596_a18c1a8b.jpg,2,null,
sv_4597_a0a2c541.jpg,2,null,
sv_4598_4a47cd20.jpg,1,null,
sv_4599_7171cb4b.jpg,2,null,
sv_4600_7c1e5897.jpg,1,null,
sv_4601_bdf4d8f9.jpg,2,null,
sv_4602_39641848.jpg,2,null,
sv_4603_89de0b6c.jpg,1,null,
sv_4604_8175c7d3.jpg,1,null,
sv_4605_ad2012dc.jpg,1,null,
sv_4606_9bc05f10.jpg,1,null,
sv_4607_670aa207.jpg,1,null,
sv_4608_f36ca334.jpg,1,null,
sv_4609_67264827.jpg,1,null,
sv_4610_2e43acdb.jpg,1,null,
sv_4611_9acfa42b.jpg,1,null,
sv_4612_536d9ff1.jpg,1,null,
sv_4613_4737c598.jpg,1,null,
sv_4614_6ae121ce.jpg,1,null,
sv_4615_91adab26.jpg,1,null,
sv_4616_2c07bc3c.jpg,1,null,
sv_4617_c8cd84cf.jpg,1,null,
sv_4618_3827e27f.jpg,1,null,
sv_4619_9bed9c0b.jpg,1,null,
sv_4620_53bbb5ff.jpg,1,null,
sv_4621_e85fb32f.jpg,1,null,
sv_4622_911578f6.jpg,1,null,
sv_4623_ec0adda4.jpg,1,null,
sv_4624_63a2c884.jpg,2,null,
sv_4625_56cbd5d9.jpg,1,null,
sv_4626_e77713de.jpg,1,null,
sv_4627_9f588a73.jpg,1,null,
sv_4628_137d02bc.jpg,1,null,
sv_4629_27bf8eb1.jpg,1,null,
sv_4630_982b7734.jpg,1,null,
sv_4631_079aa078.jpg,1,null,
sv_4632_1662856a.jpg,1,null,
sv_4633_c809b1e2.jpg,1,null,
sv_4634_8b80daed.jpg,1,null,
sv_4635_c7ede95c.jpg,1,null,
sv_4636_a3c19281.jpg,1,null,
sv_4637_4474c1ee.jpg,1,null,
sv_4638_93cd6149.jpg,1,null,
sv_4639_f1d13112.jpg,1,null,
sv_4640_c172a443.jpg,1,null,
sv_4641_80ec961d.jpg,1,null,
sv_4642_bc2acf9c.jpg,1,null,
sv_4643_ce9dae16.jpg,1,null,
sv_4644_517dea8c.jpg,1,null,
sv_4645_6fca6451.jpg,1,null,
sv_4646_550c9b6e.jpg,1,null,
sv_4647_fa1545e8.jpg,1,null,
sv_4648_42663c5b.jpg,1,null,
sv_4649_5b74e363.jpg,1,null,
sv_4650_fca26a42.jpg,1,null,
sv_4651_20674b4c.jpg,1,null,
sv_4652_e65b8ace.jpg,1,null,
sv_4653_8888965b.jpg,1,null,
sv_4654_72fd1d46.jpg,1,null,
sv_4655_9ecd6786.jpg,1,null,
sv_4656_e5292172.jpg,1,null,
sv_4657_073e3993.jpg,1,null,
sv_4658_11af2908.jpg,1,null,
sv_4659_029806ae.jpg,1,null,
sv_4660_9c53206b.jpg,1,null,
sv_4661_a6c9abcc.jpg,1,null,
sv_4662_454680f5.jpg,1,null,
sv_4663_be0ce79c.jpg,1,null,
sv_4664_bd6166b6.jpg,1,null,
sv_4665_f8911511.jpg,1,null,
sv_4666_a602663a.jpg,1,null,
sv_4667_6237717a.jpg,1,null,
sv_4668_17425b99.jpg,2,null,
sv_4669_d010290c.jpg,2,null,
sv_4670_f134dc0c.jpg,2,null,
sv_4671_e559a689.jpg,2,null,
sv_4672_05888b5e.jpg,1,null,
sv_4673_5fba4368.jpg,1,null,
sv_4674_24381fa9.jpg,1,null,
sv_4675_03a0244d.jpg,1,null,
sv_4676_3fec57b5.jpg,1,null,
sv_4677_af7f7389.jpg,1,null,
sv_4678_61b893e3.jpg,1,null,
sv_4679_f46c40f0.jpg,1,null,
sv_4680_9820ec1d.jpg,1,null,
sv_4681_b58241c6.jpg,1,null,
sv_4682_e0a9f652.jpg,1,null,
sv_4683_f8602d87.jpg,1,null,
sv_4684_10495145.jpg,1,null,
sv_4685_a8c0620f.jpg,1,null,
sv_4686_d17ad1a4.jpg,1,null,
sv_4687_750d476c.jpg,1,null,
sv_4688_eec024dc.jpg,1,null,
sv_4689_2e887b3f.jpg,1,null,
sv_4690_f1cc2871.jpg,1,null,
sv_4691_1c9b7e9e.jpg,1,null,
sv_4692_eb4a9e05.jpg,1,null,
sv_4693_19b27db5.jpg,1,null,
sv_4694_9ae65616.jpg,1,null,
sv_4695_cdcc8381.jpg,1,null,
sv_4696_e85b4c52.jpg,1,null,
sv_4697_cebae3f5.jpg,1,null,
sv_4698_07369265.jpg,1,null,
sv_4699_2ec47285.jpg,1,null,
sv_4700_374772e9.jpg,1,null,
sv_4701_598ff4c8.jpg,1,null,
sv_4702_d2525c3f.jpg,1,null,
sv_4703_4ee57e83.jpg,2,null,
sv_4704_addcab83.jpg,2,null,
sv_4705_c4c5a1b7.jpg,2,null,
sv_4706_f2ec67ad.jpg,3,null,
sv_4707_b448399a.jpg,2,null,
sv_4708_221e116b.jpg,1,null,
sv_4709_b64055e3.jpg,1,null,
sv_4710_d5772b4a.jpg,1,null,
sv_4711_073dd219.jpg,1,null,
sv_4712_2b3e3d2c.jpg,1,null,
sv_4713_be78f61e.jpg,1,null,
sv_4714_2fe37dab.jpg,1,null,
sv_4715_7c9e4a1e.jpg,1,null,
sv_4716_d2758422.jpg,1,null,
sv_4717_9491977e.jpg,1,null,
sv_4718_9713d481.jpg,1,null,
sv_4719_627edad7.jpg,1,null,
sv_4720_55f42e56.jpg,1,null,
sv_4721_3e293b7e.jpg,2,null,
sv_4722_a76d49ae.jpg,2,null,
sv_4723_83156850.jpg,2,null,
sv_4724_eed2f85d.jpg,2,null,
sv_4725_ff9f12b3.jpg,2,null,
sv_4726_5e9168cd.jpg,2,null,
sv_4727_2a292823.jpg,2,null,
sv_4728_d3beec83.jpg,2,null,
sv_4729_95984668.jpg,2,null,
sv_4730_06cdf5ac.jpg,2,null,
sv_4731_df4f5a56.jpg,2,null,
sv_4732_45720cd0.jpg,3,null,
sv_4733_e0b456a7.jpg,2,null,
sv_4734_765b5423.jpg,3,null,
sv_4735_febdba64.jpg,3,null,
sv_4736_59b22dd1.jpg,3,null,
sv_4737_56a99fb2.jpg,3,null,
sv_4738_8ed7abba.jpg,3,null,
sv_4739_fc86e523.jpg,3,null,
sv_4740_e08b60ff.jpg,2,null,
sv_4741_dcbcacab.jpg,2,null,
sv_4742_799f2c73.jpg,3,null,
sv_4743_86c4f3a1.jpg,3,null,
sv_4744_6975a18c.jpg,3,null,
sv_4745_f9eb28dd.jpg,2,null,
sv_4746_ed79a963.jpg,2,null,
sv_4747_ef2ac5e0.jpg,2,null,
sv_4748_7c62bd8e.jpg,2,null,
sv_4749_ae444d00.jpg,2,null,
sv_4750_303870f6.jpg,2,null,
sv_4751_53232442.jpg,2,null,
sv_4752_6a8c0b58.jpg,2,null,
sv_4753_981e4bff.jpg,2,null,
sv_4754_c4a6c9ca.jpg,2,null,
sv_4755_fa277a9a.jpg,2,null,
sv_4756_ce427641.jpg,2,null,
sv_4757_00149db6.jpg,2,null,
sv_4758_221a01d8.jpg,2,null,
sv_4759_65fac269.jpg,2,null,
sv_4760_ef235a62.jpg,2,null,
sv_4761_448e3730.jpg,2,null,
sv_4762_c54216a6.jpg,2,null,
sv_4763_4c6b65ac.jpg,2,null,
sv_4764_4578b873.jpg,2,null,
sv_4765_38e0f62d.jpg,2,null,
sv_4766_e30524a6.jpg,2,null,
sv_4767_28f6a0b9.jpg,3,null,
sv_4768_eb340773.jpg,3,null,
sv_4769_e64d2392.jpg,3,null,
sv_4770_dd65e957.jpg,3,null,
sv_4771_d7ade5a4.jpg,3,null,
sv_4772_50b9433f.jpg,2,null,
sv_4773_2b4654b0.jpg,3,null,
sv_4774_fb22bc9e.jpg,3,null,
sv_4775_981d0910.jpg,3,null,
sv_4776_9313c760.jpg,3,null,
sv_4777_307caa64.jpg,3,null,
sv_4778_3f87c2e7.jpg,3,null,
sv_4779_7a294c7f.jpg,3,null,
sv_4780_4efffde7.jpg,2,null,
sv_4781_6c603f02.jpg,3,null,
sv_4782_0de93643.jpg,2,null,
sv_4783_df662b97.jpg,2,null,
sv_4784_77bdaa38.jpg,2,null,
sv_4785_a521c1ed.jpg,2,null,
sv_4786_5cad6bd7.jpg,2,null,
sv_4787_994d596c.jpg,2,null,
sv_4788_e16ff1b6.jpg,3,null,
sv_4789_37dc71ec.jpg,2,null,
sv_4790_151c4cc9.jpg,2,null,
sv_4791_bc20d574.jpg,2,null,
sv_4792_a9beada9.jpg,2,null,
sv_4793_7bea1945.jpg,2,null,
sv_4794_96f518df.jpg,2,null,
sv_4795_9ef05cad.jpg,2,null,
sv_4796_3ea88fb2.jpg,2,null,
sv_4797_f4c459c3.jpg,2,null,
sv_4798_481415f3.jpg,5,null,
sv_4799_9cc2b539.jpg,5,null,
sv_4800_582eaacc.jpg,5,null,
sv_4801_8726c10d.jpg,5,null,
sv_4802_71053c0d.jpg,5,null,
sv_4803_71bc691d.jpg,5,null,
sv_4804_727a06b0.jpg,5,null,
sv_4805_097238df.jpg,5,null,
sv_4806_65a62b10.jpg,5,null,
sv_4807_f8d05f90.jpg,3,null,
sv_4808_ea0700e8.jpg,3,null,
sv_4809_570cf576.jpg,3,null,
sv_4810_c20f4c58.jpg,3,null,
sv_4811_c25f696a.jpg,3,null,
sv_4812_99f99798.jpg,3,null,
sv_4813_9adfd6f5.jpg,3,null,
sv_4814_ea146d3f.jpg,3,null,
sv_4815_a17dd12f.jpg,3,null,
sv_4816_7e0c9906.jpg,3,null,
sv_4817_9b2f2a7f.jpg,3,null,
sv_4818_f0bfc8bd.jpg,3,null,
sv_4819_551f9597.jpg,3,null,
sv_4820_fa30d7d9.jpg,3,null,
sv_4821_3a8a675c.jpg,3,null,
sv_4822_99c44d3b.jpg,3,null,
sv_4823_6df04036.jpg,3,null,
sv_4824_8fc8eb03.jpg,3,null,
sv_4825_37c507c5.jpg,3,null,
sv_4826_569c7a86.jpg,4,null,
sv_4827_afdd434d.jpg,4,null,
sv_4828_3a200841.jpg,4,null,
sv_4829_f9c57b71.jpg,5,null,
sv_4830_e84276e4.jpg,4,null,
sv_4831_5212e9b4.jpg,4,null,
sv_4832_b99e54da.jpg,4,null,
sv_4833_c9b1c157.jpg,4,null,
sv_4834_bf8ebaaf.jpg,4,null,
sv_4835_fec2ea0a.jpg,4,null,
sv_4836_b6f993ed.jpg,4,null,
sv_4837_64a597da.jpg,2,null,
sv_4838_475dcc16.jpg,2,null,
sv_4839_849111db.jpg,2,null,
sv_4840_7ad59ce8.jpg,2,null,
sv_4841_692542b9.jpg,3,null,
sv_4842_63628836.jpg,3,null,
sv_4843_39781e2f.jpg,3,null,
sv_4844_ce17855d.jpg,3,null,
sv_4845_61631c94.jpg,3,null,
sv_4846_edbe16fb.jpg,2,null,
sv_4847_fc8acd72.jpg,2,null,
sv_4848_9ee18625.jpg,2,null,
sv_4849_bf3214be.jpg,3,null,
sv_4850_f4a53fbf.jpg,3,null,
sv_4851_69075557.jpg,2,null,
sv_4852_aecea773.jpg,2,null,
sv_4853_e44b23f9.jpg,2,null,
sv_4854_b01b3223.jpg,2,null,
sv_4855_ed9f1bb0.jpg,2,null,
sv_4856_aa9581b0.jpg,3,null,
sv_4857_ba36128c.jpg,3,null,
sv_4858_26a8d6bb.jpg,3,null,
sv_4859_51930168.jpg,3,null,
sv_4860_a18aafbb.jpg,3,null,
sv_4861_7175226e.jpg,3,null,
