image_filename,manual_rqi,rqi,tags,is_road_prob
00001_47.496700_19.069360_67.jpg,4.0,4,,0.925294
00002_47.496733_19.069480_67.jpg,4.0,4,,0.9303942
00003_47.496767_19.069600_67.jpg,3.0,3,,0.8848126
00004_47.496800_19.069720_62.jpg,3.0,3,,0.8152291
00005_47.496835_19.069820_62.jpg,3.0,3,,0.8151861
00006_47.496870_19.069920_62.jpg,3.0,3,,0.705556
00007_47.496905_19.070020_62.jpg,3.0,3,,0.852742
00008_47.496940_19.070120_64.jpg,3.0,3,,0.9077633
00009_47.496973_19.070223_64.jpg,3.0,3,,0.75580007
00010_47.497007_19.070327_64.jpg,3.0,3,,0.75580007
00011_47.497040_19.070430_55.jpg,3.0,3,,0.82921386
00012_47.497075_19.070505_55.jpg,4.0,4,,0.89325976
00013_47.497110_19.070580_67.jpg,4.0,4,,0.96475065
00014_47.497140_19.070687_67.jpg,3.0,3,,0.99073863
00015_47.497170_19.070793_67.jpg,3.0,3,,0.8468633
00016_47.497200_19.070900_65.jpg,3.0,3,,0.80920947
00017_47.497235_19.071015_65.jpg,3.0,3,,0.8967135
00018_47.497270_19.071130_65.jpg,3.0,3,,0.87966657
00019_47.497305_19.071245_65.jpg,2.0,2,,0.94210815
00020_47.497340_19.071360_43.jpg,2.0,2,,0.94507337
00021_47.497390_19.071430_34.jpg,2.0,2,,0.9608482
00022_47.497430_19.071470_65.jpg,2.0,2,,0.9822471
00023_47.497465_19.071585_65.jpg,2.0,2,,0.93799543
00024_47.497500_19.071700_34.jpg,2.0,2,,0.97594076
00025_47.497510_19.071710_66.jpg,2.0,2,,0.9712819
00026_47.497543_19.071823_66.jpg,5.0,5,,3.3677505e-05
00027_47.497576_19.071936_66.jpg,2.0,2,,0.87947553
00028_47.497609_19.072049_66.jpg,2.0,2,,0.8042487
00029_47.497641_19.072161_66.jpg,2.0,2,,0.9476495
00030_47.497674_19.072274_66.jpg,3.0,3,,0.9092748
00031_47.497707_19.072387_66.jpg,2.0,2,,0.9530157
00032_47.497740_19.072500_69.jpg,3.0,3,,0.9666081
00033_47.497769_19.072615_69.jpg,2.0,2,,0.8790983
00034_47.497798_19.072730_69.jpg,2.0,2,,0.9356679
00035_47.497827_19.072845_69.jpg,2.0,2,,0.93389565
00036_47.497856_19.072960_69.jpg,2.0,2,,0.9166989
00037_47.497885_19.073075_69.jpg,2.0,2,,0.96314496
00038_47.497914_19.073190_69.jpg,2.0,2,,0.97724056
00039_47.497943_19.073305_69.jpg,2.0,2,,0.9665086
00040_47.497972_19.073420_69.jpg,2.0,2,,0.9677435
00041_47.498001_19.073535_69.jpg,3.0,3,,0.8793323
00042_47.498030_19.073650_70.jpg,2.5,2,[],0.98163843
00043_47.498058_19.073764_70.jpg,3.0,3,"[""mild_wear"", ""cracked"", ""car""]",0.982286
00044_47.498086_19.073878_70.jpg,3.0,3,"[""cracked"", ""mild_wear"", ""car""]",0.9861133
00045_47.498114_19.073992_70.jpg,2.5,2,"[""cracked"", ""mild_wear""]",0.96357864
00046_47.498142_19.074106_70.jpg,2.5,2,"[""mild_wear"", ""smooth""]",0.98481846
00047_47.498170_19.074220_69.jpg,3.0,3,"[""cracked"", ""mild_wear""]",0.89346725
00048_47.498201_19.074341_69.jpg,3.0,3,"[""cracked"", ""mild_wear""]",0.9313631
00049_47.498232_19.074462_69.jpg,2.5,2,[],0.9885439
00050_47.498263_19.074583_69.jpg,2.0,2,,0.98760664
00051_47.498294_19.074704_69.jpg,3.0,3,"[""cracked"", ""mild_wear"", ""heavy_wear""]",0.9904039
00052_47.498325_19.074825_69.jpg,3.0,3,,0.9615526
00053_47.498356_19.074946_69.jpg,3.0,3,"[""cracked"", ""mild_wear"", ""heavy_wear""]",0.9342061
00054_47.498387_19.075067_69.jpg,2.0,2,,0.99252266
00055_47.498418_19.075188_69.jpg,2.0,2,,0.96657646
00056_47.498449_19.075309_69.jpg,2.5,2,[],0.9733294
00057_47.498480_19.075430_69.jpg,2.0,2,,0.9820268
00058_47.498509_19.075547_69.jpg,2.0,2,,0.9820268
00059_47.498538_19.075663_69.jpg,2.0,2,,0.96157914
00060_47.498567_19.075780_69.jpg,2.0,2,,0.9722203
00061_47.498596_19.075897_69.jpg,2.0,2,,0.9717246
00062_47.498624_19.076013_69.jpg,2.0,2,,0.95664597
00063_47.498653_19.076130_69.jpg,2.0,2,,0.94973415
00064_47.498682_19.076247_69.jpg,2.0,2,,0.8719317
00065_47.498711_19.076363_69.jpg,2.0,2,,0.85049313
00066_47.498740_19.076480_65.jpg,2.0,2,,0.908322
00067_47.498773_19.076590_65.jpg,2.0,2,,0.9069574
00068_47.498807_19.076700_65.jpg,2.0,2,,0.8556594
00069_47.498840_19.076810_63.jpg,2.0,2,,0.96402776
00070_47.498873_19.076910_63.jpg,3.0,3,,0.9626467
00071_47.498907_19.077010_63.jpg,3.0,3,,0.9840107
00072_47.498940_19.077110_69.jpg,3.0,3,,0.8865863
00073_47.498970_19.077230_69.jpg,3.0,3,,0.8258174
00074_47.499000_19.077350_69.jpg,3.0,3,,0.79304874
00075_47.499030_19.077470_69.jpg,2.5,2,"[""mild_wear"", ""cracked""]",0.9305033
00076_47.499060_19.077590_70.jpg,2.5,2,"[""mild_wear"", ""cracked""]",0.89924645
00077_47.499087_19.077706_70.jpg,3.0,3,"[""mild_wear"", ""cracked"", ""heavy_wear""]",0.9613826
00078_47.499114_19.077821_70.jpg,3.0,3,"[""mild_wear"", ""cracked"", ""heavy_wear""]",0.93529177
00079_47.499141_19.077937_70.jpg,3.0,3,"[""mild_wear"", ""cracked"", ""heavy_wear""]",0.92856944
00080_47.499169_19.078053_70.jpg,3.0,3,,0.9770287
00081_47.499196_19.078169_70.jpg,3.0,3,"[""mild_wear"", ""cracked""]",0.9382707
00082_47.499223_19.078284_70.jpg,3.0,3,,0.93262255
00083_47.499250_19.078400_69.jpg,3.0,3,"[""mild_wear"", ""cracked""]",0.96255624
00084_47.499276_19.078502_69.jpg,3.0,3,"[""mild_wear"", ""cracked"", ""patched""]",0.97975016
00085_47.499302_19.078604_69.jpg,3.0,3,"[""mild_wear"", ""cracked""]",0.9743672
00086_47.499328_19.078706_69.jpg,2.5,2,"[""mild_wear"", ""cracked""]",0.9855635
00087_47.499354_19.078808_69.jpg,2.5,2,"[""mild_wear"", ""cracked""]",0.968731
00088_47.499380_19.078910_77.jpg,2.5,2,"[""mild_wear"", ""cracked"", ""heavy_wear""]",0.99035573
00089_47.499398_19.079032_77.jpg,2.5,2,"[""mild_wear"", ""cracked""]",0.99558437
00090_47.499416_19.079154_77.jpg,2.0,2,,0.92357695
00091_47.499434_19.079276_77.jpg,2.5,2,"[""mild_wear"", ""cracked""]",0.8637798
00092_47.499452_19.079398_77.jpg,2.0,2,,0.8866995
00093_47.499470_19.079520_76.jpg,2.0,2,,0.9422127
00094_47.499490_19.079645_76.jpg,2.5,2,"[""mild_wear"", ""cracked""]",0.9631866
00095_47.499510_19.079770_81.jpg,3.5,4,"[""cracked"", ""heavy_wear"", ""patched""]",0.8170226
00096_47.499520_19.079870_81.jpg,2.0,2,,0.85230994
00097_47.499530_19.079970_81.jpg,2.0,2,,0.7663697
00098_47.499540_19.080070_89.jpg,2.0,2,"[""mild_wear"", ""cracked""]",0.9516291
00099_47.499540_19.080198_89.jpg,2.0,2,"[""mild_wear"", ""cracked""]",0.864718
00100_47.499540_19.080327_89.jpg,3.0,3,"[""mild_wear"", ""cracked""]",0.9629259
00101_47.499540_19.080455_89.jpg,2.0,2,"[""mild_wear"", ""cracked""]",0.86439896
00102_47.499540_19.080583_89.jpg,2.5,2,"[""mild_wear"", ""cracked""]",0.9951926
00103_47.499540_19.080712_89.jpg,3.0,3,"[""mild_wear"", ""cracked""]",0.9714495
00104_47.499540_19.080840_89.jpg,2.0,2,,0.96673334
00105_47.499540_19.080966_89.jpg,2.0,2,,0.9736036
00106_47.499540_19.081092_89.jpg,2.0,2,,0.9508991
00107_47.499540_19.081218_89.jpg,2.0,2,,0.9938926
00108_47.499540_19.081343_89.jpg,2.0,2,"[""mild_wear"", ""cracked""]",0.96722186
00109_47.499540_19.081469_89.jpg,2.0,2,"[""mild_wear"", ""cracked""]",0.97844493
00110_47.499540_19.081595_89.jpg,2.0,2,,0.9868259
00111_47.499540_19.081721_89.jpg,2.0,2,"[""mild_wear"", ""cracked""]",0.9982257
00112_47.499540_19.081847_89.jpg,2.0,2,,0.9737483
00113_47.499540_19.081973_89.jpg,2.0,2,"[""mild_wear"", ""cracked""]",0.973663
00114_47.499540_19.082098_89.jpg,2.0,2,"[""mild_wear"", ""cracked""]",0.92714536
00115_47.499540_19.082224_89.jpg,2.0,2,,0.8437332
00116_47.499540_19.082350_91.jpg,2.5,2,"[""mild_wear""]",0.902668
00117_47.499538_19.082468_91.jpg,2.5,2,"[""mild_wear"", ""smooth""]",0.9630123
00118_47.499537_19.082587_91.jpg,2.5,2,"[""mild_wear""]",0.9545121
00119_47.499535_19.082705_91.jpg,2.5,2,"[""mild_wear"", ""smooth""]",0.932321
00120_47.499533_19.082823_91.jpg,2.0,2,,0.9202026
00121_47.499532_19.082942_91.jpg,2.0,2,,0.9655254
00122_47.499530_19.083060_90.jpg,2.0,2,,0.93263024
00123_47.499529_19.083191_90.jpg,2.0,2,"[""mild_wear"", ""smooth""]",0.9646692
00124_47.499529_19.083323_90.jpg,2.0,2,,0.9668799
00125_47.499528_19.083454_90.jpg,2.0,2,,0.9668799
00126_47.499527_19.083585_90.jpg,2.0,2,,0.9608471
00127_47.499527_19.083717_90.jpg,2.0,2,,0.9788535
00128_47.499526_19.083848_90.jpg,3.0,3,"[""mild_wear"", ""cracked""]",0.9630127
00129_47.499525_19.083979_90.jpg,2.0,2,,0.99426347
00130_47.499525_19.084111_90.jpg,2.0,2,,0.98144174
00131_47.499524_19.084242_90.jpg,2.0,2,,0.9856565
00132_47.499523_19.084373_90.jpg,2.5,2,"[""mild_wear"", ""cracked""]",0.9640249
00133_47.499523_19.084505_90.jpg,2.5,2,"[""mild_wear"", ""cracked""]",0.98174554
00134_47.499522_19.084636_90.jpg,3.0,3,"[""cracked"", ""mild_wear"", ""heavy_wear""]",0.96963364
00135_47.499521_19.084767_90.jpg,2.0,2,"[""mild_wear"", ""smooth"", ""cracked""]",0.9697252
00136_47.499521_19.084899_90.jpg,3.0,3,"[""heavy_wear"", ""cracked""]",0.9451874
00137_47.499520_19.085030_90.jpg,3.0,3,"[""heavy_wear"", ""cracked"", ""patched"", ""fragmented""]",0.9786454
00138_47.494400_19.060520_70.jpg,3.0,3,"[""heavy_wear"", ""cracked"", ""patched"", ""fragmented""]",0.9269054
00139_47.494430_19.060642_70.jpg,3.0,3,,0.8805019
00140_47.494459_19.060765_70.jpg,3.0,3,,0.9896817
00141_47.494489_19.060887_70.jpg,3.0,3,"[""heavy_wear"", ""cracked"", ""patched"", ""fragmented""]",0.99441826
00142_47.494518_19.061010_70.jpg,3.5,4,"[""heavy_wear"", ""cracked"", ""patched"", ""fragmented""]",0.98889357
00143_47.494548_19.061132_70.jpg,2.0,2,,0.9989475
00144_47.494577_19.061254_70.jpg,3.0,3,"[""heavy_wear"", ""cracked""]",0.99893117
00145_47.494607_19.061377_70.jpg,3.0,3,"[""heavy_wear"", ""cracked""]",0.98753303
00146_47.494636_19.061499_70.jpg,3.0,3,"[""heavy_wear"", ""cracked""]",0.99516475
00147_47.494666_19.061621_70.jpg,3.0,3,"[""heavy_wear"", ""cracked""]",0.99575305
00148_47.494695_19.061744_70.jpg,3.0,3,"[""heavy_wear"", ""cracked""]",0.9932905
00149_47.494725_19.061866_70.jpg,3.0,3,"[""heavy_wear"", ""cracked""]",0.99145776
00150_47.494754_19.061989_70.jpg,3.0,3,"[""heavy_wear"", ""cracked""]",0.9790905
00151_47.494784_19.062111_70.jpg,3.0,3,"[""heavy_wear"", ""cracked""]",0.9899089
00152_47.494813_19.062233_70.jpg,3.0,3,"[""heavy_wear"", ""cracked""]",0.9967595
00153_47.494843_19.062356_70.jpg,3.0,3,"[""heavy_wear"", ""cracked""]",0.9977751
00154_47.494872_19.062478_70.jpg,3.0,3,"[""heavy_wear"", ""cracked""]",0.9679353
00155_47.494902_19.062600_70.jpg,3.0,3,"[""heavy_wear"", ""cracked""]",0.98431176
00156_47.494931_19.062723_70.jpg,3.0,3,"[""heavy_wear"", ""cracked""]",0.97240156
00157_47.494961_19.062845_70.jpg,3.0,3,"[""heavy_wear"", ""cracked""]",0.990719
00158_47.494990_19.062968_70.jpg,3.0,3,"[""heavy_wear"", ""cracked""]",0.97713315
00159_47.495020_19.063090_69.jpg,3.0,3,"[""cracked"", ""heavy_wear""]",0.98353666
00160_47.495050_19.063207_69.jpg,3.0,3,"[""heavy_wear"", ""cracked""]",0.97088766
00161_47.495080_19.063325_69.jpg,2.0,2,,0.9589381
00162_47.495110_19.063442_69.jpg,3.0,3,,0.9655291
00163_47.495140_19.063559_69.jpg,3.0,3,,0.9838327
00164_47.495170_19.063676_69.jpg,3.0,3,,0.94303036
00165_47.495200_19.063794_69.jpg,3.0,3,,0.9049011
00166_47.495230_19.063911_69.jpg,2.5,2,"[""cracked"", ""heavy_wear"", ""patched""]",0.9049011
00167_47.495260_19.064028_69.jpg,5.0,5,,0.50200254
00168_47.495290_19.064145_69.jpg,3.0,3,"[""cracked"", ""heavy_wear"", ""patched""]",0.7373836
00169_47.495320_19.064263_69.jpg,3.0,3,,0.9578564
00170_47.495350_19.064380_65.jpg,2.5,2,"[""heavy_wear"", ""cracked""]",0.9567126
00171_47.495383_19.064490_65.jpg,2.0,2,,0.91311
00172_47.495417_19.064600_65.jpg,2.0,2,,0.89389664
00173_47.495450_19.064710_69.jpg,3.0,3,"[""heavy_wear"", ""cracked""]",0.8925196
00174_47.495479_19.064825_69.jpg,3.0,3,"[""heavy_wear"", ""cracked""]",0.9362584
00175_47.495508_19.064940_69.jpg,2.0,2,,0.84962636
00176_47.495538_19.065055_69.jpg,2.0,2,,0.84962636
00177_47.495567_19.065170_69.jpg,2.0,2,,0.95500743
00178_47.495596_19.065285_69.jpg,2.0,2,,0.8978312
00179_47.495625_19.065400_69.jpg,3.0,3,,0.8751968
00180_47.495654_19.065515_69.jpg,3.0,3,,0.96218705
00181_47.495683_19.065630_69.jpg,3.0,3,,0.98700464
00182_47.495713_19.065745_69.jpg,3.0,3,"[""heavy_wear"", ""patched"", ""cracked""]",0.96366584
00183_47.495742_19.065860_69.jpg,3.0,3,"[""cracked"", ""heavy_wear"", ""patched""]",0.9971571
00184_47.495771_19.065975_69.jpg,3.0,3,"[""heavy_wear"", ""patched"", ""cracked""]",0.97666514
00185_47.495800_19.066090_68.jpg,3.0,3,"[""mild_wear"", ""cracked"", ""patched""]",0.88825387
00186_47.495830_19.066200_68.jpg,3.0,3,"[""cracked"", ""heavy_wear"", ""patched""]",0.989766
00187_47.495860_19.066310_68.jpg,3.0,3,"[""mild_wear"", ""cracked""]",0.97171307
00188_47.495890_19.066420_73.jpg,3.0,3,"[""mild_wear"", ""cracked""]",0.9864925
00189_47.495910_19.066517_73.jpg,3.0,3,,0.9639723
00190_47.495930_19.066615_73.jpg,3.0,3,"[""mild_wear"", ""cracked""]",0.9639723
00191_47.495950_19.066713_73.jpg,2.5,2,"[""mild_wear"", ""cracked""]",0.9773475
00192_47.495970_19.066810_59.jpg,2.5,2,"[""mild_wear"", ""cracked""]",0.77852416
00193_47.496010_19.066910_59.jpg,2.5,2,"[""mild_wear"", ""cracked""]",0.95469576
00194_47.496050_19.067010_59.jpg,2.5,2,"[""mild_wear"", ""cracked""]",0.92769825
00195_47.496090_19.067110_59.jpg,3.0,3,,0.92769825
00196_47.496130_19.067210_64.jpg,3.0,3,"[""cracked"", ""fragmented"", ""heavy_wear""]",0.9584838
00197_47.496164_19.067314_64.jpg,3.0,3,"[""mild_wear"", ""patched"", ""cracked""]",0.9685116
00198_47.496198_19.067418_64.jpg,3.0,3,"[""cracked"", ""fragmented"", ""heavy_wear""]",0.9465579
00199_47.496232_19.067522_64.jpg,3.0,3,"[""uneven"", ""fragmented"", ""heavy_wear"", ""cracked"", ""patched""]",0.9061896
00200_47.496266_19.067626_64.jpg,3.0,3,,0.97008777
00201_47.496300_19.067730_67.jpg,3.0,3,,0.9845526
00202_47.496331_19.067840_67.jpg,3.0,3,,0.99806076
00203_47.496363_19.067950_67.jpg,3.0,3,,0.99418235
00204_47.496394_19.068060_67.jpg,3.0,3,"[""uneven"", ""fragmented"", ""heavy_wear"", ""cracked"", ""patched""]",0.9628457
00205_47.496426_19.068170_67.jpg,3.5,4,"[""heavy_wear"", ""cracked"", ""patched""]",0.8764631
00206_47.496457_19.068280_67.jpg,3.5,4,"[""uneven"", ""fragmented"", ""heavy_wear"", ""cracked"", ""patched""]",0.8729636
00207_47.496489_19.068390_67.jpg,3.5,4,"[""uneven"", ""fragmented"", ""heavy_wear"", ""cracked"", ""patched""]",0.95022404
00208_47.496520_19.068500_72.jpg,3.5,4,"[""heavy_wear"", ""cracked"", ""patched""]",0.933707
00209_47.496544_19.068616_72.jpg,3.0,3,"[""heavy_wear"", ""patched"", ""cracked"", ""fragmented""]",0.56010497
00210_47.496569_19.068731_72.jpg,3.5,4,"[""heavy_wear"", ""cracked"", ""patched""]",0.55962515
00211_47.496593_19.068847_72.jpg,3.5,4,"[""heavy_wear"", ""cracked"", ""patched""]",0.850091
00212_47.496617_19.068963_72.jpg,4.0,4,"[""heavy_wear"", ""cracked"", ""patched""]",0.9517055
00213_47.496641_19.069079_72.jpg,3.5,4,"[""heavy_wear"", ""cracked"", ""patched""]",0.9015693
00214_47.496666_19.069194_72.jpg,3.5,4,"[""heavy_wear"", ""cracked"", ""patched""]",0.7931495
00215_46.882610_17.420950_262.jpg,1.5,2,"[""mild_wear"", ""smooth"", ""shadow""]",0.9989904
00216_46.882600_17.420837_262.jpg,1.5,2,"[""mild_wear"", ""smooth"", ""shadow""]",0.98852015
00217_46.882590_17.420723_262.jpg,2.0,2,,0.9955789
00218_46.882580_17.420610_247.jpg,3.0,3,,0.99951106
00219_46.882549_17.420498_247.jpg,4.0,4,,0.999616
00220_46.882518_17.420386_247.jpg,4.0,4,,0.999616
00221_46.882487_17.420273_247.jpg,3.0,3,,0.99955386
00222_46.882456_17.420161_247.jpg,3.0,3,"[""cracked"", ""heavy_wear""]",0.99986935
00223_46.882424_17.420049_247.jpg,3.0,3,"[""cracked"", ""heavy_wear"", ""patched""]",0.99827445
00224_46.882393_17.419937_247.jpg,3.0,3,"[""cracked"", ""heavy_wear""]",0.99977857
00225_46.882362_17.419824_247.jpg,2.0,2,,0.99850464
00226_46.882331_17.419712_247.jpg,2.0,2,,0.9992262
00227_46.882300_17.419600_251.jpg,2.0,2,,0.99896693
00228_46.882272_17.419478_251.jpg,2.0,2,,0.9997345
00229_46.882245_17.419355_251.jpg,2.0,2,,0.9992819
00230_46.882218_17.419233_251.jpg,2.0,2,,0.9953165
00231_46.882190_17.419110_251.jpg,2.0,2,,0.9959372
00232_46.882162_17.418988_251.jpg,2.0,2,,0.9969615
00233_46.882135_17.418865_251.jpg,2.0,2,,0.99916005
00234_46.882108_17.418743_251.jpg,2.0,2,,0.9998615
00235_46.882080_17.418620_253.jpg,2.0,2,"[""smooth"", ""mild_wear"", ""cracked""]",0.99561
00236_46.882057_17.418503_253.jpg,2.0,2,,0.9943566
00237_46.882033_17.418387_253.jpg,2.0,2,,0.99682593
00238_46.882010_17.418270_253.jpg,2.0,2,,0.9978565
00239_46.881987_17.418153_253.jpg,2.0,2,,0.9978565
00240_46.881963_17.418037_253.jpg,2.0,2,,0.9942267
00241_46.881940_17.417920_253.jpg,2.0,2,,0.9982786
00242_46.881917_17.417803_253.jpg,2.0,2,,0.9982246
00243_46.881893_17.417687_253.jpg,2.0,2,,0.9991604
00244_46.881870_17.417570_253.jpg,2.0,2,,0.99938345
00245_46.881847_17.417453_253.jpg,2.0,2,,0.99485344
00246_46.881823_17.417337_253.jpg,2.0,2,,0.99810785
00247_46.881800_17.417220_250.jpg,2.0,2,,0.99828446
00248_46.881771_17.417101_250.jpg,2.0,2,,0.9963204
00249_46.881743_17.416983_250.jpg,2.0,2,,0.9996259
00250_46.881714_17.416864_250.jpg,2.0,2,,0.99719906
00251_46.881686_17.416746_250.jpg,2.0,2,,0.99903303
00252_46.881657_17.416627_250.jpg,2.0,2,,0.9986377
00253_46.881629_17.416509_250.jpg,2.0,2,"[""mild_wear"", ""smooth"", ""shadow"", ""cracked""]",0.9960866
00254_46.881600_17.416390_253.jpg,2.0,2,"[""mild_wear"", ""smooth"", ""shadow"", ""cracked""]",0.9982458
00255_46.881578_17.416280_253.jpg,2.0,2,,0.9979497
00256_46.881556_17.416170_253.jpg,2.0,2,,0.9979497
00257_46.881534_17.416060_253.jpg,2.0,2,"[""mild_wear"", ""smooth"", ""shadow"", ""cracked""]",0.9955004
00258_46.881512_17.415950_253.jpg,2.0,2,,0.9840202
00259_46.881490_17.415840_258.jpg,2.0,2,,0.994071
00260_46.881472_17.415716_258.jpg,2.0,2,"[""mild_wear"", ""smooth"", ""shadow"", ""cracked""]",0.9984195
00261_46.881454_17.415592_258.jpg,2.0,2,,0.99732876
00262_46.881436_17.415468_258.jpg,2.0,2,,0.9986091
00263_46.881418_17.415344_258.jpg,2.0,2,,0.9988439
00264_46.881400_17.415220_258.jpg,2.0,2,,0.99574316
00265_46.881382_17.415096_258.jpg,2.0,2,,0.99726874
00266_46.881364_17.414972_258.jpg,2.0,2,,0.99763536
00267_46.881346_17.414848_258.jpg,2.0,2,,0.99846643
00268_46.881328_17.414724_258.jpg,2.0,2,,0.99846643
00269_46.881310_17.414600_258.jpg,2.0,2,,0.99863744
00270_46.881292_17.414471_258.jpg,3.0,3,,0.9973637
00271_46.881274_17.414343_258.jpg,3.0,3,,0.99582624
00272_46.881256_17.414214_258.jpg,3.0,3,,0.99686337
00273_46.881238_17.414085_258.jpg,3.0,3,,0.99866
00274_46.881220_17.413957_258.jpg,2.0,2,,0.9968502
00275_46.881202_17.413828_258.jpg,3.0,3,"[""mild_wear"", ""shadow"", ""cracked""]",0.99928856
00276_46.881184_17.413699_258.jpg,2.0,2,,0.99659055
00277_46.881166_17.413571_258.jpg,2.0,2,"[""mild_wear"", ""smooth"", ""shadow"", ""cracked""]",0.99784243
00278_46.881148_17.413442_258.jpg,1.5,2,"[""mild_wear"", ""shadow"", ""smooth""]",0.99851054
00279_46.881130_17.413313_258.jpg,1.5,2,"[""mild_wear"", ""shadow"", ""smooth""]",0.99919796
00280_46.881112_17.413185_258.jpg,2.0,2,,0.9970391
00281_46.881094_17.413056_258.jpg,2.0,2,,0.99919295
00282_46.881076_17.412927_258.jpg,2.0,2,,0.9962219
00283_46.881058_17.412799_258.jpg,2.0,2,,0.9950849
00284_46.881040_17.412670_253.jpg,2.0,2,,0.9991485
00285_46.881016_17.412548_253.jpg,2.0,2,,0.99811876
00286_46.880992_17.412426_253.jpg,2.0,2,,0.9991136
00287_46.880968_17.412304_253.jpg,2.0,2,,0.9991136
00288_46.880944_17.412182_253.jpg,2.0,2,,0.9995192
00289_46.880920_17.412060_249.jpg,2.0,2,,0.99911785
00290_46.880890_17.411945_249.jpg,2.0,2,,0.9991815
00291_46.880860_17.411830_249.jpg,2.0,2,,0.9980352
00292_46.880830_17.411715_249.jpg,2.0,2,,0.99859154
00293_46.880800_17.411600_250.jpg,2.0,2,,0.9996476
00294_46.880771_17.411484_250.jpg,2.0,2,,0.9977702
00295_46.880743_17.411369_250.jpg,2.0,2,,0.999877
00296_46.880714_17.411253_250.jpg,1.0,1,,0.9978305
00297_46.880686_17.411137_250.jpg,1.0,1,,0.9978305
00298_46.880657_17.411021_250.jpg,1.0,1,,0.9987177
00299_46.880629_17.410906_250.jpg,2.0,2,,0.9992883
00300_46.880600_17.410790_253.jpg,2.0,2,,0.99714255
00301_46.880575_17.410665_253.jpg,2.0,2,,0.9996891
00302_46.880550_17.410540_237.jpg,2.0,2,,0.9994611
00303_46.880503_17.410430_237.jpg,2.0,2,,0.9997355
00304_46.880455_17.410320_237.jpg,2.0,2,,0.99960923
00305_46.880408_17.410210_237.jpg,2.0,2,,0.99857044
00306_46.880360_17.410100_229.jpg,3.0,3,,0.9981746
00307_46.880307_17.410009_229.jpg,3.0,3,,0.9998365
00308_46.880254_17.409917_229.jpg,3.0,3,,0.9998516
00309_46.880201_17.409826_229.jpg,3.0,3,,0.99982226
00310_46.880149_17.409734_229.jpg,3.0,3,,0.99955845
00311_46.880096_17.409643_229.jpg,3.0,3,,0.99975884
00312_46.880043_17.409551_229.jpg,2.0,2,,0.9950949
00313_46.879990_17.409460_230.jpg,2.0,2,,0.9961095
00314_46.879944_17.409378_230.jpg,2.0,2,,0.9961095
00315_46.879898_17.409296_230.jpg,2.0,2,,0.99287355
00316_46.879852_17.409214_230.jpg,2.0,2,,0.99444425
00317_46.879806_17.409132_230.jpg,3.0,3,,0.99872553
00318_46.879760_17.409050_235.jpg,2.0,2,,0.9955066
00319_46.879718_17.408960_235.jpg,2.0,2,,0.99293864
00320_46.879675_17.408870_235.jpg,2.0,2,,0.99293864
00321_46.879632_17.408780_235.jpg,2.5,2,"[""mild_wear"", ""cracked""]",0.9917416
00322_46.879590_17.408690_247.jpg,2.0,2,,0.99836594
00323_46.879558_17.408578_247.jpg,2.0,2,,0.9986494
00324_46.879526_17.408466_247.jpg,2.0,2,,0.9979462
00325_46.879494_17.408354_247.jpg,2.5,2,"[""mild_wear"", ""cracked""]",0.99797356
00326_46.879462_17.408242_247.jpg,2.0,2,,0.99921596
00327_46.879430_17.408130_255.jpg,2.0,2,,0.9996406
00328_46.879408_17.408005_255.jpg,2.0,2,,0.997354
00329_46.879386_17.407879_255.jpg,2.0,2,,0.9957579
00330_46.879364_17.407754_255.jpg,2.0,2,,0.9996455
00331_46.879342_17.407628_255.jpg,3.0,3,,0.9947519
00332_46.879320_17.407502_255.jpg,3.0,3,,0.99836147
00333_46.879298_17.407377_255.jpg,3.0,3,,0.9808128
00334_46.879276_17.407252_255.jpg,3.0,3,,0.9945277
00335_46.879254_17.407126_255.jpg,2.0,2,,0.9945277
00336_46.879232_17.407001_255.jpg,2.0,2,,0.9958386
00337_46.879210_17.406875_255.jpg,3.0,3,"[""shadow"", ""cracked"", ""heavy_wear""]",0.99814004
00338_46.879188_17.406750_255.jpg,3.0,3,"[""shadow"", ""cracked"", ""heavy_wear""]",0.9996884
00339_46.879166_17.406624_255.jpg,2.0,2,,0.9937424
00340_46.879144_17.406499_255.jpg,2.5,2,"[""shadow"", ""cracked"", ""mild_wear""]",0.9987211
00341_46.879122_17.406373_255.jpg,3.0,3,,0.99701464
00342_46.879100_17.406248_255.jpg,2.5,2,"[""cracked"", ""heavy_wear"", ""mild_wear""]",0.9979845
00343_46.879078_17.406122_255.jpg,3.0,3,,0.9993582
00344_46.879056_17.405997_255.jpg,3.0,3,,0.9838853
00345_46.879034_17.405871_255.jpg,2.5,2,"[""cracked"", ""heavy_wear"", ""mild_wear""]",0.99079084
00346_46.879012_17.405746_255.jpg,2.5,2,"[""cracked"", ""heavy_wear"", ""mild_wear""]",0.9984854
00347_46.878990_17.405620_255.jpg,2.5,2,"[""cracked"", ""heavy_wear"", ""mild_wear""]",0.9993757
00348_46.878967_17.405497_255.jpg,2.0,2,,0.9992751
00349_46.878945_17.405373_255.jpg,2.0,2,,0.9990472
00350_46.878922_17.405250_255.jpg,2.0,2,,0.99989355
00351_46.878900_17.405126_255.jpg,1.5,2,"[""mild_wear"", ""cracked""]",0.9996666
00352_46.878877_17.405003_255.jpg,2.0,2,"[""mild_wear"", ""cracked""]",0.9997908
00353_46.878854_17.404879_255.jpg,2.0,2,"[""mild_wear"", ""cracked""]",0.9997336
00354_46.878832_17.404756_255.jpg,2.0,2,,0.9998677
00355_46.878809_17.404632_255.jpg,2.0,2,,0.9999376
00356_46.878787_17.404509_255.jpg,2.0,2,,0.99995315
00357_46.878764_17.404385_255.jpg,2.0,2,,0.9993285
00358_46.878741_17.404262_255.jpg,2.0,2,"[""mild_wear"", ""cracked""]",0.99950993
00359_46.878719_17.404138_255.jpg,2.0,2,"[""mild_wear"", ""cracked""]",0.99948144
00360_46.878696_17.404015_255.jpg,2.0,2,"[""mild_wear"", ""cracked""]",0.99871254
00361_46.878673_17.403891_255.jpg,2.0,2,,0.9997376
00362_46.878651_17.403768_255.jpg,2.0,2,,0.99974084
00363_46.878628_17.403644_255.jpg,2.0,2,"[""mild_wear"", ""patched"", ""cracked""]",0.9994114
00364_46.878606_17.403521_255.jpg,2.0,2,"[""mild_wear"", ""patched""]",0.9993261
00365_46.878583_17.403397_255.jpg,2.0,2,,0.9998158
00366_46.878560_17.403274_255.jpg,2.0,2,,0.999761
00367_46.878538_17.403150_255.jpg,3.0,3,,0.99898696
00368_46.878515_17.403027_255.jpg,3.0,3,,0.99901557
00369_46.878493_17.402903_255.jpg,3.0,3,,0.99901557
00370_46.878470_17.402780_260.jpg,2.0,2,,0.99959457
00371_46.878457_17.402662_260.jpg,3.0,3,,0.99972963
00372_46.878443_17.402543_260.jpg,3.0,3,,0.99980915
00373_46.878430_17.402425_260.jpg,2.5,2,"[""mild_wear"", ""patched""]",0.9992188
00374_46.878417_17.402307_260.jpg,2.0,2,"[""mild_wear"", ""patched"", ""cracked""]",0.999961
00375_46.878403_17.402188_260.jpg,3.0,3,,0.9987164
00376_46.878390_17.402070_264.jpg,3.0,3,,0.9998585
00377_46.878383_17.401960_264.jpg,3.0,3,,0.99961686
00378_46.878377_17.401850_264.jpg,3.0,3,,0.9995243
00379_46.878370_17.401740_271.jpg,3.0,3,,0.9985441
00380_46.878372_17.401628_271.jpg,3.0,3,,0.9993004
00381_46.878373_17.401517_271.jpg,3.0,3,,0.99979174
00382_46.878375_17.401405_271.jpg,3.0,3,,0.99986434
00383_46.878377_17.401293_271.jpg,3.0,3,,0.99873215
00384_46.878378_17.401182_271.jpg,3.0,3,"[""cracked"", ""heavy_wear"", ""mild_wear"", ""patched""]",0.99965787
00385_46.878380_17.401070_269.jpg,3.0,3,,0.99979043
00386_46.878379_17.400953_269.jpg,3.0,3,,0.9997777
00387_46.878378_17.400835_269.jpg,2.0,2,,0.9997221
00388_46.878376_17.400717_269.jpg,3.0,3,,0.99982655
00389_46.878375_17.400600_269.jpg,3.0,3,,0.9998602
00390_46.878374_17.400483_269.jpg,3.0,3,,0.9997501
00391_46.878373_17.400365_269.jpg,3.0,3,,0.9998146
00392_46.878371_17.400247_269.jpg,2.0,2,,0.99989605
00393_46.878370_17.400130_266.jpg,2.0,2,,0.99983156
00394_46.878365_17.400010_266.jpg,2.0,2,,0.99983156
00395_46.878360_17.399890_266.jpg,2.0,2,,0.99953485
00396_46.878355_17.399770_266.jpg,2.0,2,,0.9999541
00397_46.878350_17.399650_260.jpg,2.0,2,,0.999889
00398_46.878338_17.399543_260.jpg,2.0,2,,0.99989516
00399_46.878325_17.399435_260.jpg,2.0,2,,0.9999604
00400_46.878313_17.399327_260.jpg,2.0,2,,0.99997187
00401_46.878300_17.399220_252.jpg,2.0,2,,0.99987054
00402_46.878277_17.399113_252.jpg,2.0,2,,0.99951184
00403_46.878253_17.399007_252.jpg,2.0,2,,0.9998044
00404_46.878230_17.398900_244.jpg,2.0,2,,0.999824
00405_46.878195_17.398792_244.jpg,2.0,2,,0.9997774
00406_46.878160_17.398685_244.jpg,2.0,2,,0.99985254
00407_46.878125_17.398578_244.jpg,2.0,2,,0.99976677
00408_46.878090_17.398470_235.jpg,2.0,2,,0.99955505
00409_46.878050_17.398385_235.jpg,2.0,2,,0.99957174
00410_46.878010_17.398300_235.jpg,3.0,3,,0.99987036
00476_46.874185_17.392127_227.jpg,3.5,4,"[""heavy_wear"", ""cracked"", ""patched""]",0.99995804
00477_46.874124_17.392030_227.jpg,3.5,4,"[""heavy_wear"", ""cracked"", ""patched""]",0.9995128
00478_46.874064_17.391933_227.jpg,3.5,4,"[""heavy_wear"", ""cracked"", ""patched""]",0.9998194
00480_46.873943_17.391739_227.jpg,3.5,4,"[""heavy_wear"", ""cracked""]",0.9997594
00515_46.871830_17.388358_226.jpg,3.5,4,"[""heavy_wear"", ""cracked""]",0.99999595
00516_46.871770_17.388264_226.jpg,3.5,4,"[""heavy_wear"", ""cracked""]",0.999982
00518_46.871650_17.388076_226.jpg,3.5,4,"[""heavy_wear"", ""cracked""]",0.9999751
00522_46.871410_17.387700_226.jpg,3.5,4,"[""heavy_wear"", ""cracked"", ""patched""]",0.9998579
00526_46.871170_17.387324_226.jpg,3.5,4,"[""heavy_wear"", ""cracked"", ""patched""]",0.99991524
00528_46.871050_17.387136_226.jpg,3.5,4,"[""heavy_wear"", ""cracked""]",0.9997616
00530_46.870930_17.386948_226.jpg,3.5,4,"[""heavy_wear"", ""cracked""]",0.99995005
00533_46.870750_17.386666_226.jpg,3.5,4,"[""heavy_wear"", ""cracked"", ""patched""]",0.9999325
00534_46.870690_17.386572_226.jpg,3.5,4,"[""heavy_wear"", ""cracked"", ""patched""]",0.99994123
00576_46.867697_17.385363_170.jpg,3.5,4,"[""cracked"", ""patched"", ""heavy_wear""]",0.9998975
00577_46.867630_17.385380_237.jpg,3.5,4,"[""heavy_wear"", ""cracked""]",0.9999846
00578_46.867595_17.385300_237.jpg,3.5,4,"[""cracked"", ""heavy_wear""]",0.9999969
00579_46.867560_17.385220_242.jpg,3.5,4,"[""cracked"", ""heavy_wear""]",0.99995697
00584_46.867365_17.384679_242.jpg,4.0,4,"[""heavy_wear"", ""patched"", ""cracked""]",0.9999871
00589_46.867169_17.384138_242.jpg,4.0,4,"[""heavy_wear"", ""patched"", ""cracked""]",0.99994165
00591_46.867092_17.383918_243.jpg,3.5,4,"[""heavy_wear"", ""cracked""]",0.9999875
00595_46.866942_17.383472_243.jpg,3.5,4,"[""heavy_wear"", ""cracked""]",0.999963
00603_46.866640_17.382580_244.jpg,3.5,4,"[""cracked"", ""patched"", ""heavy_wear""]",0.9999554
00614_46.866215_17.381280_244.jpg,3.5,4,"[""cracked"", ""patched"", ""heavy_wear""]",0.99998844
00635_46.865444_17.378849_245.jpg,3.5,4,"[""heavy_wear"", ""cracked"", ""patched""]",0.9998762
00641_46.865237_17.378201_244.jpg,3.5,4,"[""heavy_wear"", ""cracked"", ""patched""]",0.99988824
00642_46.865203_17.378099_244.jpg,3.5,4,"[""heavy_wear"", ""cracked"", ""patched""]",0.9995313
00646_46.865060_17.377676_242.jpg,3.5,4,"[""heavy_wear"", ""cracked"", ""patched""]",0.9998354
00655_46.864703_17.376665_242.jpg,3.5,4,"[""heavy_wear"", ""cracked"", ""patched"", ""shadow""]",0.9996321
00657_46.864624_17.376443_242.jpg,3.5,4,"[""heavy_wear"", ""cracked"", ""patched"", ""shadow""]",0.9986833
00663_46.864387_17.375777_242.jpg,3.5,4,"[""heavy_wear"", ""cracked"", ""patched"", ""shadow""]",0.99926805
00666_46.864268_17.375444_242.jpg,3.5,4,"[""heavy_wear"", ""cracked"", ""patched"", ""shadow""]",0.9998423
00668_46.864189_17.375222_242.jpg,3.5,4,"[""heavy_wear"", ""cracked"", ""patched"", ""shadow""]",0.999634
00669_46.864150_17.375111_242.jpg,3.5,4,"[""heavy_wear"", ""cracked"", ""patched"", ""shadow""]",0.99945533
00670_46.864110_17.375000_242.jpg,3.5,4,"[""heavy_wear"", ""cracked"", ""patched"", ""shadow""]",0.99967766
00671_46.864070_17.374886_242.jpg,3.5,4,"[""heavy_wear"", ""cracked"", ""patched"", ""shadow""]",0.9974872
00694_46.863133_17.372255_241.jpg,3.5,4,"[""heavy_wear"", ""patched"", ""cracked""]",0.99943674
00711_46.862630_17.370300_239.jpg,2.0,2,"[""mild_wear"", ""cracked""]",0.99673945
00742_46.860700_17.368244_216.jpg,3.0,3,"[""cracked"", ""heavy_wear""]",0.9994435
00749_46.860210_17.367712_216.jpg,3.0,3,,0.9995754
00750_46.860140_17.367636_216.jpg,2.0,2,,0.9995501
00751_46.860070_17.367560_215.jpg,2.0,2,,0.99939764
00752_46.860001_17.367487_215.jpg,2.0,2,,0.9983694
00753_46.859932_17.367414_215.jpg,3.0,3,,0.9996291
00754_46.859863_17.367341_215.jpg,3.0,3,,0.99979395
00755_46.859794_17.367268_215.jpg,3.0,3,,0.99912524
00756_46.859725_17.367195_215.jpg,2.0,2,,0.99787045
00757_46.859656_17.367122_215.jpg,2.0,2,,0.9978479
00758_46.859587_17.367049_215.jpg,3.0,3,,0.9983964
00759_46.859518_17.366976_215.jpg,2.0,2,,0.9995638
00760_46.859449_17.366903_215.jpg,3.0,3,,0.99988544
00761_46.859380_17.366830_222.jpg,3.0,3,,0.9996679
00762_46.859318_17.366746_222.jpg,2.0,2,,0.99949574
00763_46.859256_17.366662_222.jpg,3.0,3,,0.9993804
00764_46.859194_17.366578_222.jpg,3.0,3,,0.9996275
00765_46.859132_17.366494_222.jpg,3.0,3,,0.9990588
00766_46.859070_17.366410_220.jpg,3.0,3,,0.99917376
00767_46.859008_17.366333_220.jpg,3.0,3,,0.99849486
00768_46.858947_17.366257_220.jpg,2.0,2,,0.9993343
00769_46.858885_17.366180_220.jpg,2.0,2,,0.9993343
00770_46.858823_17.366103_220.jpg,2.0,2,,0.9983636
00771_46.858762_17.366027_220.jpg,3.0,3,,0.99828935
00772_46.858700_17.365950_209.jpg,3.0,3,,0.99948573
00773_46.858624_17.365888_209.jpg,3.0,3,,0.99843967
00774_46.858548_17.365826_209.jpg,3.0,3,,0.99791
00775_46.858472_17.365764_209.jpg,3.0,3,,0.99899
00776_46.858396_17.365702_209.jpg,2.0,2,,0.9977455
00777_46.858320_17.365640_210.jpg,2.0,2,,0.99895287
00778_46.858260_17.365588_210.jpg,3.0,3,,0.9950317
00779_46.858200_17.365535_210.jpg,3.0,3,,0.9953134
00780_46.858140_17.365482_210.jpg,2.0,2,,0.9961115
00781_46.858080_17.365430_224.jpg,3.0,3,,0.9994487
00782_46.858025_17.365352_224.jpg,3.0,3,,0.99951017
00783_46.857970_17.365273_224.jpg,3.0,3,,0.9991494
00784_46.857915_17.365195_224.jpg,3.0,3,,0.98857987
00785_46.857860_17.365117_224.jpg,3.0,3,,0.9884701
00786_46.857805_17.365038_224.jpg,2.0,2,,0.9982829
00787_46.857750_17.364960_233.jpg,3.0,3,,0.9991251
00788_46.857700_17.364860_233.jpg,3.0,3,,0.9976974
00789_46.857650_17.364760_233.jpg,3.0,3,,0.9990077
00790_46.857600_17.364660_233.jpg,3.0,3,,0.99956906
00791_46.857550_17.364560_240.jpg,3.0,3,,0.99912244
00792_46.857513_17.364467_240.jpg,2.0,2,,0.99982333
00793_46.857477_17.364373_240.jpg,2.0,2,,0.9998215
00794_46.857440_17.364280_245.jpg,2.0,2,,0.9995256
00795_46.857407_17.364173_245.jpg,3.0,3,,0.99942344
00796_46.857373_17.364067_245.jpg,3.0,3,,0.9996536
00797_46.857340_17.363960_252.jpg,3.0,3,,0.9996923
00798_46.857315_17.363843_252.jpg,3.0,3,,0.9998406
00799_46.857290_17.363725_252.jpg,2.0,2,,0.99859333
00800_46.857265_17.363608_252.jpg,2.0,2,,0.9998477
00801_46.857240_17.363490_247.jpg,2.0,2,,0.9992337
00802_46.857208_17.363377_247.jpg,2.0,2,,0.9997713
00803_46.857177_17.363263_247.jpg,2.0,2,,0.999652
00804_46.857145_17.363150_247.jpg,2.0,2,,0.999652
00805_46.857113_17.363037_247.jpg,3.0,3,,0.99892783
00806_46.857082_17.362923_247.jpg,2.0,2,,0.99676895
00807_46.857050_17.362810_240.jpg,3.0,3,,0.9998339
00808_46.857006_17.362696_240.jpg,3.0,3,,0.9996409
00809_46.856963_17.362583_240.jpg,3.0,3,,0.999747
00810_46.856919_17.362469_240.jpg,3.0,3,,0.9999094
00811_46.856876_17.362356_240.jpg,2.0,2,,0.9988864
00812_46.856832_17.362242_240.jpg,3.0,3,,0.99932575
00813_46.856789_17.362129_240.jpg,3.0,3,,0.9975108
00814_46.856745_17.362015_240.jpg,3.0,3,,0.9995311
00815_46.856701_17.361901_240.jpg,3.0,3,,0.9994843
00816_46.856658_17.361788_240.jpg,3.0,3,,0.9983837
00817_46.856614_17.361674_240.jpg,3.0,3,,0.99919534
00818_46.856571_17.361561_240.jpg,3.0,3,,0.9992107
00819_46.856527_17.361447_240.jpg,3.0,3,,0.9999241
00820_46.856484_17.361334_240.jpg,3.0,3,,0.99913454
00821_46.856440_17.361220_230.jpg,2.0,2,,0.99975336
00822_46.856400_17.361150_230.jpg,3.0,3,,0.9998498
00823_46.856360_17.361080_216.jpg,3.0,3,,0.9999591
00824_46.856300_17.361015_216.jpg,3.0,3,,0.99982476
00825_46.856240_17.360950_200.jpg,3.0,3,,0.99900126
00826_46.856157_17.360906_200.jpg,3.0,3,,0.99987656
00827_46.856074_17.360861_200.jpg,3.0,3,,0.99992836
00828_46.855991_17.360817_200.jpg,3.0,3,,0.9968557
00829_46.855909_17.360773_200.jpg,3.0,3,,0.99498606
00830_46.855826_17.360729_200.jpg,2.0,2,,0.9995744
00831_46.855743_17.360684_200.jpg,3.0,3,,0.9993398
00832_46.855660_17.360640_214.jpg,3.0,3,,0.9996188
00833_46.855590_17.360570_221.jpg,3.0,3,,0.99966913
00834_46.855530_17.360493_221.jpg,3.0,3,,0.9999666
00835_46.855470_17.360417_221.jpg,3.0,3,,0.9997935
00836_46.855410_17.360340_221.jpg,3.0,3,,0.99976265
00837_46.855350_17.360263_221.jpg,3.0,3,,0.9999684
00838_46.855290_17.360187_221.jpg,3.0,3,,0.9997434
00839_46.855230_17.360110_216.jpg,2.0,2,,0.9997602
00840_46.855175_17.360050_216.jpg,2.0,2,,0.99977916
00841_46.855120_17.359990_216.jpg,2.0,2,,0.9999281
00842_46.855065_17.359930_216.jpg,2.0,2,,0.999733
00843_46.855010_17.359870_199.jpg,3.0,3,,0.99982345
00844_46.854947_17.359837_199.jpg,3.0,3,,0.998434
00845_46.854883_17.359803_199.jpg,3.0,3,,0.99977386
00846_46.854820_17.359770_192.jpg,3.0,3,,0.9996085
00847_46.854740_17.359745_192.jpg,3.0,3,,0.999464
00848_46.854660_17.359720_192.jpg,3.0,3,,0.9987962
00849_46.854580_17.359695_192.jpg,3.0,3,,0.9997251
00850_46.854500_17.359670_192.jpg,3.0,3,,0.9996846
00851_46.854420_17.359645_192.jpg,3.0,3,,0.99977905
00852_46.854340_17.359620_206.jpg,3.0,3,,0.9997651
00853_46.854270_17.359570_203.jpg,3.0,3,,0.99214923
00854_46.854213_17.359533_203.jpg,3.0,3,,0.9995697
00855_46.854157_17.359497_203.jpg,3.0,3,,0.99994075
00856_46.854100_17.359460_199.jpg,3.0,3,,0.99991345
00857_46.854043_17.359430_199.jpg,3.0,3,,0.99982035
00858_46.853987_17.359400_199.jpg,3.0,3,,0.9988601
00859_46.853930_17.359370_181.jpg,3.0,3,,0.99880797
00860_46.853848_17.359366_181.jpg,3.0,3,,0.9992517
00861_46.853766_17.359362_181.jpg,3.0,3,,0.9999181
00862_46.853684_17.359358_181.jpg,3.0,3,,0.99797475
00863_46.853602_17.359354_181.jpg,3.0,3,,0.9925827
00864_46.853520_17.359350_223.jpg,3.0,3,,0.9954452
00865_46.853463_17.359270_223.jpg,3.0,3,,0.99996096
00866_46.853406_17.359190_223.jpg,3.0,3,,0.9998982
00867_46.853349_17.359110_223.jpg,3.0,3,,0.9998983
00868_46.853291_17.359030_223.jpg,3.0,3,,0.99951947
00869_46.853234_17.358950_223.jpg,2.0,2,,0.9999674
00870_46.853177_17.358870_223.jpg,2.0,2,,0.99995464
00871_46.853120_17.358790_224.jpg,3.0,3,,0.9999558
00872_46.853063_17.358708_224.jpg,3.0,3,,0.99995774
00873_46.853005_17.358625_224.jpg,3.0,3,,0.99990964
00874_46.852947_17.358543_224.jpg,3.0,3,,0.999944
00875_46.852890_17.358460_204.jpg,3.0,3,,0.99995494
00876_46.852824_17.358416_204.jpg,2.0,2,,0.99976563
00877_46.852758_17.358372_204.jpg,3.0,3,,0.9999894
00878_46.852692_17.358328_204.jpg,3.0,3,,0.99998873
00879_46.852626_17.358284_204.jpg,3.0,3,,0.9994209
00880_46.852560_17.358240_201.jpg,2.0,2,,0.99996614
00881_46.852480_17.358193_201.jpg,2.0,2,,0.99993134
00882_46.852400_17.358147_201.jpg,3.0,3,,0.9999336
00883_46.852320_17.358100_194.jpg,3.0,3,,0.9998852
00884_46.852257_17.358077_194.jpg,3.0,3,,0.9999696
00885_46.852193_17.358053_194.jpg,3.0,3,,0.99996966
00886_46.852130_17.358030_201.jpg,3.0,3,,0.999929
00887_46.852067_17.357993_201.jpg,4.0,4,,0.9999901
00888_46.852003_17.357957_201.jpg,4.0,4,,0.99970186
00889_46.851940_17.357920_211.jpg,4.0,4,,0.9996935
00890_46.851877_17.357863_211.jpg,4.0,4,,0.999817
00891_46.851813_17.357807_211.jpg,4.0,4,,0.9999289
00892_46.851750_17.357750_218.jpg,3.0,3,,0.9997451
00893_46.851692_17.357682_218.jpg,3.0,3,,0.9998414
00894_46.851634_17.357614_218.jpg,3.0,3,,0.9998517
00895_46.851576_17.357546_218.jpg,4.0,4,,0.99980944
00896_46.851518_17.357478_218.jpg,4.0,4,,0.9994549
00897_46.851460_17.357410_223.jpg,4.0,4,,0.99959487
00898_46.851398_17.357324_223.jpg,4.0,4,,0.9998195
00899_46.851335_17.357238_223.jpg,4.0,4,,0.9998969
00900_46.851273_17.357151_223.jpg,4.0,4,,0.9997399
00901_46.851210_17.357065_223.jpg,4.0,4,,0.99981385
00902_46.851148_17.356979_223.jpg,4.0,4,,0.9996726
00903_46.851085_17.356893_223.jpg,4.0,4,,0.99945575
00904_46.851022_17.356806_223.jpg,4.0,4,,0.9999174
00905_46.850960_17.356720_223.jpg,4.0,4,,0.99992585
00906_46.850902_17.356638_223.jpg,4.0,4,,0.9999283
00907_46.850843_17.356557_223.jpg,4.0,4,,0.9999614
00908_46.850785_17.356475_223.jpg,4.0,4,,0.9999647
00909_46.850727_17.356393_223.jpg,4.0,4,,0.9999727
00910_46.850668_17.356312_223.jpg,4.0,4,,0.99987125
00911_46.850610_17.356230_219.jpg,4.0,4,,0.9999156
00912_46.850549_17.356156_219.jpg,4.0,4,,0.99995506
00913_46.850487_17.356081_219.jpg,4.0,4,,0.99988186
00914_46.850426_17.356007_219.jpg,4.0,4,,0.999681
00915_46.850364_17.355933_219.jpg,4.0,4,,0.9996622
00916_46.850303_17.355859_219.jpg,4.0,4,,0.9998429
00917_46.850241_17.355784_219.jpg,4.0,4,,0.999525
00918_46.850180_17.355710_220.jpg,4.0,4,,0.9997828
00919_46.850112_17.355625_220.jpg,4.0,4,,0.9992542
00920_46.850045_17.355541_220.jpg,4.0,4,,0.99969655
00921_46.849977_17.355456_220.jpg,4.0,4,,0.9997096
00922_46.849909_17.355372_220.jpg,4.0,4,,0.99981487
00923_46.849842_17.355287_220.jpg,4.0,4,,0.99921924
00924_46.849774_17.355202_220.jpg,4.0,4,,0.9994036
00925_46.849706_17.355118_220.jpg,4.0,4,,0.9998847
00926_46.849638_17.355033_220.jpg,4.0,4,,0.9998652
00927_46.849571_17.354948_220.jpg,4.0,4,,0.9998331
00928_46.849503_17.354864_220.jpg,3.0,3,,0.99833167
00929_46.849435_17.354779_220.jpg,3.0,3,,0.9990109
00930_46.849368_17.354695_220.jpg,4.0,4,,0.99993217
00931_46.849300_17.354610_225.jpg,4.0,4,,0.9994856
00932_46.849244_17.354526_225.jpg,4.0,4,,0.9999401
00933_46.849189_17.354441_225.jpg,4.0,4,,0.9998431
00934_46.849133_17.354357_225.jpg,4.0,4,,0.9990084
00935_46.849077_17.354273_225.jpg,4.0,4,,0.9998884
00936_46.849021_17.354189_225.jpg,4.0,4,,0.9988568
00937_46.848966_17.354104_225.jpg,4.0,4,,0.99885935
00938_46.848910_17.354020_236.jpg,4.0,4,,0.9990486
00939_46.848863_17.353916_236.jpg,4.0,4,,0.99875474
00940_46.848816_17.353811_236.jpg,4.0,4,,0.9996764
00941_46.848769_17.353707_236.jpg,4.0,4,,0.9999558
00942_46.848721_17.353603_236.jpg,4.0,4,,0.99943185
00943_46.848674_17.353499_236.jpg,4.0,4,,0.99946547
00944_46.848627_17.353394_236.jpg,4.0,4,,0.99973816
00945_46.848580_17.353290_246.jpg,4.0,4,,0.99970245
00946_46.848547_17.353177_246.jpg,4.0,4,,0.9998388
00947_46.848513_17.353063_246.jpg,4.0,4,,0.99981356
00948_46.848480_17.352950_246.jpg,4.0,4,,0.9998771
00949_46.848447_17.352837_246.jpg,4.0,4,,0.99991953
00950_46.848413_17.352723_246.jpg,4.0,4,,0.9998754
00951_46.848380_17.352610_254.jpg,4.0,4,,0.99995816
00952_46.848356_17.352486_254.jpg,4.0,4,,0.99999285
00953_46.848332_17.352362_254.jpg,4.0,4,,0.9980341
00954_46.848308_17.352238_254.jpg,4.0,4,,0.9980341
00955_46.848284_17.352114_254.jpg,4.0,4,,0.99970984
00956_46.848260_17.351990_242.jpg,4.0,4,,0.9993757
00957_46.848221_17.351883_242.jpg,4.0,4,,0.9999615
00958_46.848183_17.351776_242.jpg,4.0,4,,0.99985415
00959_46.848144_17.351669_242.jpg,4.0,4,,0.99907374
00960_46.848106_17.351561_242.jpg,4.0,4,,0.99852085
00961_46.848067_17.351454_242.jpg,4.0,4,,0.9996043
00971_46.847905_17.350375_276.jpg,3.5,4,"[""heavy_wear"", ""cracked""]",0.99967253
00985_46.848405_17.348960_293.jpg,3.0,3,"[""heavy_wear"", ""cracked""]",0.99939084
01106_47.507199_19.055021_180.jpg,3.5,4,"[""heavy_wear"", ""cracked"", ""fragmented""]",0.9065179
01107_47.507115_19.055020_180.jpg,2.5,2,"[""patched"", ""mild_wear"", ""cracked""]",0.9313725
01108_47.507031_19.055019_180.jpg,3.0,3,"[""patched"", ""mild_wear"", ""cracked""]",0.875875
01109_47.506946_19.055018_180.jpg,3.0,3,"[""mild_wear"", ""patched""]",0.8759831
01113_47.506609_19.055013_180.jpg,3.0,3,"[""mild_wear"", ""patched""]",0.8888015
01116_47.506361_19.055007_181.jpg,2.5,2,"[""mild_wear"", ""cracked""]",0.99285764
01120_47.506047_19.054996_181.jpg,2.5,2,"[""mild_wear"", ""cracked""]",0.97784925
01121_47.505969_19.054993_181.jpg,2.5,2,"[""mild_wear"", ""cracked""]",0.97829384
01122_47.505890_19.054990_171.jpg,2.5,2,"[""mild_wear"", ""cracked""]",0.9779322
01124_47.505760_19.055020_180.jpg,2.5,2,"[""mild_wear"", ""cracked""]",0.9773125
01125_47.505673_19.055018_180.jpg,2.5,2,"[""mild_wear"", ""cracked""]",0.99894917
01130_47.505236_19.055009_180.jpg,3.0,3,"[""mild_wear"", ""cracked""]",0.97738963
01132_47.505062_19.055005_180.jpg,3.0,3,"[""mild_wear"", ""cracked""]",0.9790838
01134_47.504887_19.055002_180.jpg,2.5,2,"[""cracked"", ""mild_wear""]",0.99784863
01135_47.504800_19.055000_181.jpg,2.5,2,"[""cracked"", ""mild_wear""]",0.9486059
01196_47.499700_19.054825_178.jpg,3.0,3,"[""cracked"", ""mild_wear"", ""patched""]",0.8206104
01198_47.499530_19.054830_178.jpg,2.5,2,"[""mild_wear"", ""cracked""]",0.99810535
01236_47.150877_18.435750_312.jpg,3.0,3,,0.99737096
01237_47.150933_18.435660_312.jpg,2.0,2,,0.99880236
01238_47.150989_18.435570_312.jpg,2.0,2,,0.9988606
01239_47.151044_18.435480_312.jpg,2.0,2,,0.994073
01240_47.151100_18.435390_314.jpg,2.0,2,,0.99686706
01241_47.151150_18.435315_314.jpg,2.0,2,,0.9998927
01242_47.151200_18.435240_314.jpg,2.0,2,,0.9996983
01243_47.151250_18.435165_314.jpg,3.0,3,,0.99950874
01244_47.151300_18.435090_296.jpg,3.0,3,,0.9950161
01245_47.151320_18.435030_296.jpg,2.0,2,,0.999011
01246_47.151340_18.434970_309.jpg,2.0,2,,0.9996979
01247_47.151394_18.434874_309.jpg,2.0,2,,0.99959075
01248_47.151448_18.434778_309.jpg,2.0,2,,0.9987237
01249_47.151502_18.434682_309.jpg,2.0,2,,0.99872124
01250_47.151556_18.434586_309.jpg,2.0,2,,0.9983716
01251_47.151610_18.434490_300.jpg,2.0,2,,0.9973241
01252_47.151650_18.434392_300.jpg,2.0,2,,0.9984721
01253_47.151690_18.434294_300.jpg,3.0,3,,0.99891365
01254_47.151730_18.434196_300.jpg,2.0,2,,0.9993096
01255_47.151770_18.434098_300.jpg,2.0,2,,0.9995469
01256_47.151810_18.434000_294.jpg,3.0,3,,0.99916464
01257_47.151840_18.433902_294.jpg,3.0,3,,0.99897987
01258_47.151870_18.433804_294.jpg,3.0,3,,0.9991937
01259_47.151900_18.433706_294.jpg,2.0,2,,0.9987017
01260_47.151930_18.433608_294.jpg,3.0,3,,0.9951071
01261_47.151960_18.433510_306.jpg,3.0,3,,0.98872435
01262_47.152010_18.433410_328.jpg,3.0,3,,0.9970175
01263_47.152055_18.433370_328.jpg,2.0,2,,0.969502
01264_47.152100_18.433330_330.jpg,2.0,2,,0.99825937
01265_47.152155_18.433285_330.jpg,2.0,2,,0.99941385
01266_47.152210_18.433240_308.jpg,2.0,2,,0.9969889
01267_47.152245_18.433175_308.jpg,2.0,2,,0.9970353
01268_47.152280_18.433110_286.jpg,2.0,2,,0.98539996
01269_47.152295_18.433035_286.jpg,2.0,2,,0.9990623
01270_47.152310_18.432960_264.jpg,2.0,2,,0.9997986
01271_47.152305_18.432880_264.jpg,2.0,2,,0.9997986
01272_47.152300_18.432800_243.jpg,2.0,2,,0.99936074
01273_47.152270_18.432710_243.jpg,2.0,2,,0.99914575
01274_47.152240_18.432620_219.jpg,3.0,3,,0.99709284
01275_47.152190_18.432560_214.jpg,3.0,3,,0.99568295
01276_47.152160_18.432530_251.jpg,3.0,3,,0.9975427
01277_47.152140_18.432440_263.jpg,3.0,3,,0.9951699
01278_47.152130_18.432310_266.jpg,3.0,3,,0.9965147
01279_47.152125_18.432193_266.jpg,3.0,3,,0.999844
01280_47.152120_18.432077_266.jpg,2.0,2,,0.999447
01281_47.152115_18.431960_266.jpg,2.0,2,,0.9998895
01282_47.152110_18.431843_266.jpg,1.0,1,,0.99974525
01283_47.152105_18.431727_266.jpg,1.0,1,,0.99974525
01284_47.152100_18.431610_257.jpg,1.0,1,,0.99472517
01285_47.152082_18.431490_257.jpg,1.0,1,,0.99919915
01286_47.152063_18.431370_257.jpg,1.0,1,,0.9980143
01287_47.152045_18.431250_257.jpg,1.0,1,,0.9975426
01288_47.152027_18.431130_257.jpg,1.0,1,,0.99567115
01289_47.152008_18.431010_257.jpg,1.0,1,,0.99915797
01290_47.151990_18.430890_248.jpg,1.0,1,,0.99878716
01291_47.151970_18.430815_248.jpg,1.0,1,,0.99912804
01292_47.151950_18.430740_248.jpg,1.0,1,,0.9988723
01293_47.151920_18.430627_248.jpg,1.0,1,,0.9988723
01294_47.151890_18.430515_248.jpg,1.0,1,,0.9982731
01295_47.151860_18.430403_248.jpg,1.0,1,,0.9987396
01296_47.151830_18.430290_241.jpg,1.0,1,,0.99905914
01297_47.151790_18.430183_241.jpg,1.0,1,,0.9992626
01298_47.151750_18.430077_241.jpg,1.0,1,,0.99925995
01299_47.151710_18.429970_241.jpg,1.0,1,,0.99953604
01300_47.151670_18.429863_241.jpg,1.0,1,,0.9986383
01301_47.151630_18.429757_241.jpg,1.0,1,,0.9989313
01302_47.151590_18.429650_238.jpg,1.0,1,,0.99908197
01303_47.151544_18.429538_238.jpg,1.0,1,,0.999536
01304_47.151498_18.429426_238.jpg,1.0,1,,0.9997188
01305_47.151452_18.429315_238.jpg,1.0,1,,0.9987773
01306_47.151406_18.429203_238.jpg,1.0,1,,0.9987773
01307_47.151360_18.429091_238.jpg,1.0,1,,0.9946288
01308_47.151314_18.428979_238.jpg,1.0,1,,0.99860275
01309_47.151268_18.428868_238.jpg,1.0,1,,0.998642
01310_47.151221_18.428756_238.jpg,1.0,1,,0.99645233
01311_47.151175_18.428644_238.jpg,1.0,1,,0.9991723
01312_47.151129_18.428532_238.jpg,1.0,1,,0.99801856
01313_47.151083_18.428420_238.jpg,1.0,1,,0.9978739
01314_47.151037_18.428309_238.jpg,1.0,1,,0.99759495
01315_47.150991_18.428197_238.jpg,1.0,1,,0.9964442
01316_47.150945_18.428085_238.jpg,1.0,1,,0.9983555
01317_47.150899_18.427973_238.jpg,1.0,1,,0.9983064
01318_47.150853_18.427861_238.jpg,1.0,1,,0.9962286
01319_47.150807_18.427750_238.jpg,1.0,1,,0.99373114
01320_47.150761_18.427638_238.jpg,1.0,1,,0.9983654
01321_47.150715_18.427526_238.jpg,1.0,1,,0.9983895
01322_47.150669_18.427414_238.jpg,1.0,1,,0.99933404
01323_47.150623_18.427302_238.jpg,1.0,1,,0.9996236
01324_47.150576_18.427191_238.jpg,1.0,1,,0.9986318
01325_47.150530_18.427079_238.jpg,1.0,1,,0.99898726
01326_47.150484_18.426967_238.jpg,2.0,2,,0.99957603
01327_47.150438_18.426855_238.jpg,2.0,2,,0.9995825
01328_47.150392_18.426744_238.jpg,1.0,1,,0.99952817
01329_47.150346_18.426632_238.jpg,1.0,1,,0.9989577
01330_47.150300_18.426520_236.jpg,1.0,1,,0.9994455
01331_47.150256_18.426420_236.jpg,1.0,1,,0.9998405
01332_47.150211_18.426320_236.jpg,1.0,1,,0.9998405
01333_47.150167_18.426220_236.jpg,1.0,1,,0.99988264
01334_47.150122_18.426120_236.jpg,1.0,1,,0.9998044
01335_47.150078_18.426020_236.jpg,1.0,1,,0.99969923
01336_47.150033_18.425920_236.jpg,1.0,1,,0.99969923
01337_47.149989_18.425820_236.jpg,1.0,1,,0.9998325
01338_47.149944_18.425720_236.jpg,2.0,2,,0.9995586
01339_47.149900_18.425620_239.jpg,2.0,2,,0.99940455
01340_47.149855_18.425506_239.jpg,2.0,2,,0.99862254
01341_47.149810_18.425391_239.jpg,1.0,1,,0.99977845
01342_47.149765_18.425277_239.jpg,1.0,1,,0.99982095
01343_47.149720_18.425162_239.jpg,2.0,2,,0.99778426
01344_47.149675_18.425048_239.jpg,2.0,2,,0.99931145
01345_47.149630_18.424933_239.jpg,1.0,1,,0.9996143
01346_47.149585_18.424819_239.jpg,1.0,1,,0.99972
01347_47.149540_18.424704_239.jpg,1.0,1,,0.9994086
01348_47.149495_18.424590_239.jpg,2.0,2,,0.999791
01349_47.149450_18.424476_239.jpg,2.0,2,,0.99982816
01350_47.149405_18.424361_239.jpg,1.0,1,,0.9994329
01351_47.149360_18.424247_239.jpg,2.0,2,,0.9996712
01352_47.149315_18.424132_239.jpg,2.0,2,,0.999738
01353_47.149270_18.424018_239.jpg,2.0,2,,0.99886984
01354_47.149225_18.423903_239.jpg,3.0,3,,0.9990006
01355_47.149180_18.423789_239.jpg,1.0,1,,0.9970438
01356_47.149135_18.423674_239.jpg,1.0,1,,0.9997326
01357_47.149090_18.423560_239.jpg,1.0,1,,0.9998073
01358_47.149045_18.423447_239.jpg,1.0,1,,0.9997906
01359_47.148999_18.423334_239.jpg,1.0,1,,0.9994478
01360_47.148954_18.423221_239.jpg,1.0,1,,0.99982977
01361_47.148908_18.423108_239.jpg,1.0,1,,0.99991804
01362_47.148863_18.422995_239.jpg,1.0,1,,0.99974924
01363_47.148818_18.422882_239.jpg,1.0,1,,0.99966645
01364_47.148772_18.422768_239.jpg,1.0,1,,0.99929404
01365_47.148727_18.422655_239.jpg,1.0,1,,0.9992018
01366_47.148682_18.422542_239.jpg,1.0,1,,0.9989184
01367_47.148636_18.422429_239.jpg,1.0,1,,0.9974295
01368_47.148591_18.422316_239.jpg,1.0,1,,0.99982303
01369_47.148545_18.422203_239.jpg,1.0,1,,0.99966747
01370_47.148500_18.422090_243.jpg,1.0,1,,0.9996668
01371_47.148461_18.421974_243.jpg,1.0,1,,0.99854314
01372_47.148423_18.421859_243.jpg,1.0,1,,0.99958026
01373_47.148384_18.421743_243.jpg,1.0,1,,0.99986476
01374_47.148346_18.421627_243.jpg,2.0,2,,0.9996948
01375_47.148307_18.421511_243.jpg,1.0,1,,0.99921316
01376_47.148269_18.421396_243.jpg,1.0,1,,0.99981296
01377_47.148230_18.421280_248.jpg,1.0,1,,0.9996919
01378_47.148200_18.421170_248.jpg,1.0,1,,0.99949574
01379_47.148170_18.421060_248.jpg,1.0,1,,0.99976915
01380_47.148140_18.420950_248.jpg,1.0,1,,0.99964076
01381_47.148110_18.420840_247.jpg,2.0,2,,0.99817944
01412_47.147636_18.417080_267.jpg,2.0,2,,0.99975884
01413_47.147631_18.416950_267.jpg,2.0,2,,0.9996406
01414_47.147627_18.416820_267.jpg,2.0,2,,0.99944663
01415_47.147623_18.416690_267.jpg,2.0,2,,0.99944663
01416_47.147619_18.416560_267.jpg,1.0,1,,0.99971604
01417_47.147614_18.416430_267.jpg,2.0,2,,0.9995672
01418_47.147610_18.416300_268.jpg,2.0,2,,0.9995221
01419_47.147608_18.416168_268.jpg,2.0,2,,0.9998025
01420_47.147606_18.416036_268.jpg,2.0,2,,0.9970342
01421_47.147604_18.415904_268.jpg,1.0,1,,0.99901307
01429_47.147588_18.414848_268.jpg,2.0,2,,0.99965173
01430_47.147586_18.414716_268.jpg,2.0,2,,0.99726665
01431_47.147584_18.414584_268.jpg,2.0,2,,0.9987838
01432_47.147582_18.414452_268.jpg,1.0,1,,0.9993002
01433_47.147580_18.414320_268.jpg,1.0,1,,0.99887776
01434_47.147578_18.414188_268.jpg,1.0,1,,0.99964404
01435_47.147576_18.414056_268.jpg,2.0,2,,0.9996431
01436_47.147574_18.413924_268.jpg,1.0,1,,0.9995724
01437_47.147572_18.413792_268.jpg,1.0,1,,0.9990536
01438_47.147570_18.413660_268.jpg,1.0,1,,0.9992986
01439_47.147567_18.413528_268.jpg,1.0,1,,0.999789
01440_47.147564_18.413396_268.jpg,1.0,1,,0.99763674
01441_47.147561_18.413264_268.jpg,1.0,1,,0.99851954
01442_47.147559_18.413131_268.jpg,1.0,1,,0.9994376
01443_47.147556_18.412999_268.jpg,1.0,1,,0.99554646
01444_47.147553_18.412867_268.jpg,1.0,1,,0.99924153
01445_47.147550_18.412735_268.jpg,1.0,1,,0.9997593
01446_47.147547_18.412603_268.jpg,1.0,1,,0.99961364
01447_47.147544_18.412471_268.jpg,1.0,1,,0.9998517
01448_47.147541_18.412339_268.jpg,1.0,1,,0.99931425
01449_47.147539_18.412206_268.jpg,1.0,1,,0.9999335
01450_47.147536_18.412074_268.jpg,1.0,1,,0.9997548
01451_47.147533_18.411942_268.jpg,1.0,1,,0.9995899
01452_47.147530_18.411810_269.jpg,1.0,1,,0.99995655
01453_47.147529_18.411683_269.jpg,1.0,1,,0.9998007
01454_47.147528_18.411555_269.jpg,2.0,2,,0.9998378
01455_47.147527_18.411428_269.jpg,1.0,1,,0.9997896
01456_47.147526_18.411301_269.jpg,1.0,1,,0.9998484
01457_47.147525_18.411173_269.jpg,1.0,1,,0.9998051
01458_47.147524_18.411046_269.jpg,1.0,1,,0.9998473
01459_47.147523_18.410918_269.jpg,1.0,1,,0.999609
01460_47.147522_18.410791_269.jpg,1.0,1,,0.99982834
01461_47.147521_18.410664_269.jpg,1.0,1,,0.99967986
01462_47.147519_18.410536_269.jpg,2.0,2,,0.9999229
01463_47.147518_18.410409_269.jpg,2.0,2,,0.9987845
01464_47.147517_18.410282_269.jpg,2.0,2,,0.99975413
01465_47.147516_18.410154_269.jpg,2.0,2,,0.99944717
01466_47.147515_18.410027_269.jpg,2.0,2,,0.99924976
01467_47.147514_18.409899_269.jpg,1.0,1,,0.9998306
01468_47.147513_18.409772_269.jpg,1.0,1,,0.9997879
01469_47.147512_18.409645_269.jpg,1.0,1,,0.99944574
01470_47.147511_18.409517_269.jpg,1.0,1,,0.9996318
01471_47.147510_18.409390_272.jpg,1.0,1,,0.9995545
01472_47.147513_18.409269_272.jpg,1.0,1,,0.99878585
01473_47.147516_18.409148_272.jpg,2.0,2,,0.9998512
01474_47.147519_18.409027_272.jpg,2.0,2,,0.9997035
01475_47.147522_18.408906_272.jpg,2.0,2,,0.998484
01476_47.147525_18.408785_272.jpg,2.0,2,,0.99941015
01477_47.147528_18.408664_272.jpg,3.0,3,,0.9988071
01478_47.147531_18.408543_272.jpg,3.0,3,,0.99949783
01479_47.147534_18.408422_272.jpg,3.0,3,,0.9992064
01480_47.147537_18.408301_272.jpg,3.0,3,,0.999631
01481_47.147540_18.408180_272.jpg,2.0,2,,0.9977671
01482_47.147543_18.408050_272.jpg,2.0,2,,0.9985938
01483_47.147547_18.407920_272.jpg,2.0,2,,0.99890643
01484_47.147550_18.407790_272.jpg,2.0,2,,0.99888337
01485_47.147553_18.407660_272.jpg,5.0,5,,0.9527509
01486_47.147557_18.407530_272.jpg,3.0,3,,0.9952619
01487_47.147560_18.407400_274.jpg,3.0,3,,0.99820375
01488_47.147567_18.407273_274.jpg,3.0,3,,0.99858
01489_47.147574_18.407146_274.jpg,2.0,2,,0.99908423
01490_47.147582_18.407018_274.jpg,3.0,3,,0.9988152
01491_47.147589_18.406891_274.jpg,3.0,3,,0.9964342
01492_47.147596_18.406764_274.jpg,2.0,2,,0.9987192
01493_47.147603_18.406637_274.jpg,2.0,2,,0.9953329
01494_47.147611_18.406509_274.jpg,2.0,2,,0.9901303
01495_47.147618_18.406382_274.jpg,2.0,2,,0.9979911
01496_47.147625_18.406255_274.jpg,2.0,2,,0.99322265
01497_47.147632_18.406128_274.jpg,2.0,2,,0.9961242
01498_47.147639_18.406001_274.jpg,2.0,2,,0.9992937
01499_47.147647_18.405873_274.jpg,2.0,2,,0.9974479
01500_47.147654_18.405746_274.jpg,3.0,3,,0.99869454
01558_47.148293_18.398269_277.jpg,1.5,2,"[""smooth"", ""mild_wear""]",0.99960667
01560_47.148316_18.398017_277.jpg,1.5,2,"[""smooth""]",0.9998599
01561_47.148327_18.397891_277.jpg,1.5,2,"[""smooth""]",0.99989396
01565_47.148373_18.397382_277.jpg,1.0,1,,0.9999151
01566_47.148385_18.397253_277.jpg,1.0,1,,0.9997856
01567_47.148397_18.397124_277.jpg,1.0,1,,0.99997514
01568_47.148408_18.396996_277.jpg,2.0,2,,0.9999525
01569_47.148420_18.396867_277.jpg,2.0,2,,0.9999294
01570_47.148432_18.396738_277.jpg,2.0,2,,0.9998733
01571_47.148443_18.396609_277.jpg,2.0,2,,0.99982274
01572_47.148455_18.396480_277.jpg,2.0,2,,0.99982274
01573_47.148467_18.396351_277.jpg,3.0,3,,0.99988073
01574_47.148478_18.396222_277.jpg,1.0,1,,0.9998479
01575_47.148490_18.396093_277.jpg,1.0,1,,0.99951684
01576_47.148502_18.395964_277.jpg,1.0,1,,0.99945855
01577_47.148513_18.395836_277.jpg,1.0,1,,0.9998261
01578_47.148525_18.395707_277.jpg,1.0,1,,0.9991207
01579_47.148537_18.395578_277.jpg,1.0,1,,0.99882984
01580_47.148548_18.395449_277.jpg,1.0,1,,0.99965286
01581_47.148560_18.395320_280.jpg,1.0,1,,0.9999739
01582_47.148574_18.395202_280.jpg,1.0,1,,0.99968755
01583_47.148589_18.395084_280.jpg,1.0,1,,0.9998519
01584_47.148603_18.394967_280.jpg,1.0,1,,0.9997672
01585_47.148618_18.394849_280.jpg,2.0,2,,0.99966896
01586_47.148632_18.394731_280.jpg,2.0,2,,0.99988073
01587_47.148647_18.394613_280.jpg,1.0,1,,0.99935496
01588_47.148661_18.394496_280.jpg,1.0,1,,0.9997878
01589_47.148676_18.394378_280.jpg,1.0,1,,0.9998793
01590_47.148690_18.394260_283.jpg,1.0,1,,0.99969226
01591_47.148710_18.394136_283.jpg,1.0,1,,0.99949837
01592_47.148730_18.394012_283.jpg,1.0,1,,0.9996526
01593_47.148750_18.393888_283.jpg,1.0,1,,0.9993753
01594_47.148770_18.393764_283.jpg,1.0,1,,0.99987346
01595_47.148790_18.393640_283.jpg,1.0,1,,0.99976736
01596_47.148810_18.393516_283.jpg,1.0,1,,0.9998172
01597_47.148830_18.393392_283.jpg,1.0,1,,0.99971956
01598_47.148850_18.393268_283.jpg,1.0,1,,0.99979734
01599_47.148870_18.393144_283.jpg,1.0,1,,0.9997084
01600_47.148890_18.393020_284.jpg,1.0,1,,0.99971
01601_47.148912_18.392896_284.jpg,1.0,1,,0.99977523
01602_47.148933_18.392772_284.jpg,1.0,1,,0.9997642
01603_47.148955_18.392648_284.jpg,1.0,1,,0.9998431
01604_47.148977_18.392524_284.jpg,1.0,1,,0.9998194
01605_47.148999_18.392400_284.jpg,1.0,1,,0.9997332
01606_47.149020_18.392277_284.jpg,1.0,1,,0.99972373
01607_47.149042_18.392153_284.jpg,1.0,1,,0.9998554
01608_47.149064_18.392029_284.jpg,1.0,1,,0.99972945
01609_47.149086_18.391905_284.jpg,1.0,1,,0.9997752
01610_47.149107_18.391781_284.jpg,1.0,1,,0.99967563
01611_47.149129_18.391657_284.jpg,1.0,1,,0.99959385
01612_47.149151_18.391533_284.jpg,1.0,1,,0.99969685
01613_47.149173_18.391409_284.jpg,1.0,1,,0.9997371
01614_47.149194_18.391285_284.jpg,1.0,1,,0.9998232
01615_47.149216_18.391161_284.jpg,1.0,1,,0.9997213
01616_47.149238_18.391037_284.jpg,1.0,1,,0.9997649
01617_47.149260_18.390913_284.jpg,1.0,1,,0.9998568
01618_47.149281_18.390790_284.jpg,1.0,1,,0.9997357
01619_47.149303_18.390666_284.jpg,1.0,1,,0.99975026
01620_47.149325_18.390542_284.jpg,1.0,1,,0.99981076
01621_47.149347_18.390418_284.jpg,1.0,1,,0.9997717
01622_47.149368_18.390294_284.jpg,1.0,1,,0.99991965
01623_47.149390_18.390170_285.jpg,1.0,1,,0.99987364
01624_47.149413_18.390051_285.jpg,1.0,1,,0.9992449
01625_47.149436_18.389931_285.jpg,1.0,1,,0.99960184
01626_47.149459_18.389812_285.jpg,1.0,1,,0.9994408
01627_47.149481_18.389693_285.jpg,1.0,1,,0.9993359
01628_47.149504_18.389574_285.jpg,1.0,1,,0.99953294
01629_47.149527_18.389454_285.jpg,1.0,1,,0.9996361
01630_47.149550_18.389335_285.jpg,1.0,1,,0.99949324
01631_47.149573_18.389216_285.jpg,1.0,1,,0.9995327
01632_47.149596_18.389096_285.jpg,1.0,1,,0.9995412
01633_47.149619_18.388977_285.jpg,1.0,1,,0.99942744
01634_47.149641_18.388858_285.jpg,1.0,1,,0.99977726
01635_47.149664_18.388739_285.jpg,1.0,1,,0.9997364
01636_47.149687_18.388619_285.jpg,1.0,1,,0.9997771
01637_47.149710_18.388500_290.jpg,1.0,1,,0.9998187
01638_47.149741_18.388378_290.jpg,1.0,1,,0.99987054
01639_47.149772_18.388256_290.jpg,1.0,1,,0.99962676
01640_47.149803_18.388134_290.jpg,1.0,1,,0.99983394
01641_47.149834_18.388012_290.jpg,1.0,1,,0.9998384
01663_47.150680_18.385570_306.jpg,1.0,1,,0.9997143
01664_47.150727_18.385477_306.jpg,1.0,1,,0.99988365
01665_47.150773_18.385383_306.jpg,1.0,1,,0.99976456
01666_47.150820_18.385290_311.jpg,1.0,1,,0.99984455
01667_47.150876_18.385198_311.jpg,1.0,1,,0.99983436
01668_47.150932_18.385106_311.jpg,1.0,1,,0.9998796
01669_47.150988_18.385014_311.jpg,1.0,1,,0.99972516
01670_47.151044_18.384922_311.jpg,1.0,1,,0.9997719
01671_47.151100_18.384830_316.jpg,1.0,1,,0.99982387
01672_47.151159_18.384749_316.jpg,1.0,1,,0.99981487
01673_47.151217_18.384667_316.jpg,1.0,1,,0.9998603
01674_47.151276_18.384586_316.jpg,1.0,1,,0.99979085
01675_47.151334_18.384504_316.jpg,1.0,1,,0.9996626
01676_47.151393_18.384423_316.jpg,1.0,1,,0.9997655
01677_47.151451_18.384341_316.jpg,1.0,1,,0.9997108
01678_47.151510_18.384260_323.jpg,1.0,1,,0.9997917
01679_47.151580_18.384184_323.jpg,1.0,1,,0.9997136
01680_47.151650_18.384108_323.jpg,1.0,1,,0.9996034
01681_47.151720_18.384031_323.jpg,1.0,1,,0.99941134
01682_47.151790_18.383955_323.jpg,1.0,1,,0.9997022
01683_47.151860_18.383879_323.jpg,1.0,1,,0.9997583
01684_47.151930_18.383803_323.jpg,1.0,1,,0.9994621
01685_47.152000_18.383726_323.jpg,1.0,1,,0.9997413
01686_47.152070_18.383650_328.jpg,1.0,1,,0.9998552
01687_47.152142_18.383586_328.jpg,1.0,1,,0.999636
01688_47.152214_18.383522_328.jpg,1.0,1,,0.99977374
01689_47.152286_18.383458_328.jpg,1.0,1,,0.9995114
01690_47.152358_18.383394_328.jpg,1.0,1,,0.9997236
01691_47.152430_18.383330_328.jpg,1.0,1,,0.9998322
01692_47.152502_18.383266_328.jpg,1.0,1,,0.99971676
01693_47.152574_18.383202_328.jpg,1.0,1,,0.99976754
01694_47.152646_18.383138_328.jpg,1.0,1,,0.99956626
01695_47.152718_18.383074_328.jpg,1.0,1,,0.99961025
01696_47.152790_18.383010_333.jpg,1.0,1,,0.999757
01697_47.152866_18.382955_333.jpg,1.0,1,,0.99968946
01698_47.152942_18.382900_333.jpg,1.0,1,,0.9997121
01699_47.153018_18.382845_333.jpg,1.0,1,,0.9997532
01700_47.153094_18.382790_333.jpg,1.0,1,,0.9994844
01701_47.153170_18.382735_333.jpg,1.0,1,,0.9996842
01858_47.165393_18.376626_16.jpg,1.0,1,"[""smooth""]",0.99981165
01863_47.165810_18.376803_16.jpg,1.0,1,"[""smooth""]",0.9997752
01872_47.166531_18.377163_19.jpg,1.0,1,"[""smooth""]",0.99863136
01901_47.168902_18.378380_19.jpg,1.0,1,"[""smooth""]",0.99956614
01910_47.169640_18.378753_17.jpg,2.5,2,"[""mild_wear"", ""smooth"", ""cracked""]",0.99939096
01945_47.172465_18.379607_4.jpg,2.5,2,"[""mild_wear"", ""patched"", ""smooth""]",0.99995446
01946_47.172548_18.379618_4.jpg,2.5,2,"[""mild_wear"", ""patched"", ""smooth""]",0.99879354
01948_47.172716_18.379639_4.jpg,2.5,2,"[""mild_wear"", ""patched"", ""smooth""]",0.9993035
01951_47.172965_18.379665_3.jpg,2.5,2,"[""mild_wear"", ""patched"", ""smooth""]",0.99915457
01953_47.173130_18.379680_7.jpg,2.5,2,"[""mild_wear"", ""patched"", ""smooth""]",0.99876326
01954_47.173219_18.379697_7.jpg,2.5,2,"[""mild_wear"", ""patched"", ""smooth""]",0.998698
01980_47.175417_18.380075_4.jpg,1.5,2,"[""smooth"", ""mild_wear""]",0.9998064
01986_47.175930_18.380140_4.jpg,1.5,2,"[""smooth"", ""mild_wear""]",0.9963444
01992_46.849350_17.344680_322.jpg,3.5,4,"[""heavy_wear"", ""cracked"", ""patched""]",0.99988866
02015_46.850730_17.342940_306.jpg,3.0,3,"[""heavy_wear"", ""shadow""]",0.9999455
02016_46.850773_17.342858_306.jpg,3.0,3,"[""heavy_wear"", ""shadow""]",0.9999018
02018_46.850858_17.342693_306.jpg,3.0,3,"[""heavy_wear"", ""shadow""]",0.9997451
02019_46.850900_17.342610_323.jpg,3.0,3,"[""heavy_wear"", ""shadow""]",0.9981482
02020_46.850968_17.342537_323.jpg,3.0,3,"[""heavy_wear"", ""shadow""]",0.99996686
02021_46.851035_17.342465_323.jpg,3.0,3,"[""heavy_wear"", ""shadow""]",0.99994147
02023_46.851170_17.342320_335.jpg,3.0,3,"[""heavy_wear"", ""shadow""]",0.9999925
02024_46.851245_17.342270_335.jpg,3.0,3,"[""heavy_wear"", ""shadow""]",0.999992
02025_46.851320_17.342220_335.jpg,3.0,3,"[""heavy_wear"", ""shadow""]",0.9999068
02026_46.851395_17.342170_335.jpg,3.0,3,"[""heavy_wear"", ""shadow""]",0.9999695
02027_46.851470_17.342120_335.jpg,3.0,3,"[""heavy_wear"", ""shadow""]",0.99997944
02032_46.851847_17.341893_339.jpg,3.0,3,"[""heavy_wear"", ""shadow""]",0.99999154
02033_46.851922_17.341851_339.jpg,3.0,3,"[""heavy_wear"", ""shadow""]",0.9999831
02039_46.852363_17.341623_349.jpg,3.0,3,"[""heavy_wear"", ""shadow""]",0.99982107
02041_46.852490_17.341590_352.jpg,3.0,3,"[""heavy_wear"", ""shadow""]",0.9999586
02042_46.852560_17.341577_352.jpg,3.0,3,"[""heavy_wear"", ""shadow""]",0.9997545
02043_46.852630_17.341563_352.jpg,3.0,3,"[""heavy_wear"", ""shadow""]",0.9998656
02050_46.853146_17.341576_4.jpg,3.0,3,"[""heavy_wear"", ""shadow""]",0.9999974
02051_46.853225_17.341585_4.jpg,3.0,3,"[""heavy_wear"", ""shadow""]",0.9999331
02053_46.853383_17.341603_4.jpg,3.5,4,"[""patched"", ""heavy_wear""]",0.9996524
02055_46.853540_17.341620_358.jpg,3.0,3,"[""patched"", ""heavy_wear""]",0.99993545
02059_46.853887_17.341607_358.jpg,3.0,3,"[""patched"", ""heavy_wear""]",0.99903774
02061_46.854060_17.341600_354.jpg,3.5,4,"[""uneven"", ""cracked"", ""heavy_wear""]",0.99996364
02063_46.854220_17.341577_354.jpg,3.5,4,"[""uneven"", ""cracked"", ""heavy_wear""]",0.9995394
02065_46.854380_17.341553_354.jpg,3.5,4,"[""uneven"", ""cracked"", ""heavy_wear""]",0.9998314
02066_46.854460_17.341542_354.jpg,3.5,4,"[""uneven"", ""cracked"", ""heavy_wear""]",0.99855876
02095_46.856293_17.339883_289.jpg,3.5,4,"[""heavy_wear"", ""uneven"", ""cracked"", ""patched""]",0.99983466
02096_46.856317_17.339787_289.jpg,3.5,4,"[""heavy_wear"", ""uneven"", ""cracked"", ""patched""]",0.9992413
02097_46.856340_17.339690_264.jpg,4.0,4,"[""heavy_wear"", ""uneven"", ""cracked"", ""patched""]",0.999901
02098_46.856335_17.339620_264.jpg,4.0,4,"[""heavy_wear"", ""uneven"", ""cracked"", ""patched""]",0.999901
02099_46.856330_17.339550_263.jpg,4.0,4,"[""heavy_wear"", ""uneven"", ""cracked"", ""patched""]",0.9999852
02100_46.856320_17.339430_263.jpg,4.0,4,"[""heavy_wear"", ""uneven"", ""cracked"", ""patched"", ""fragmented""]",0.99998426
02103_46.856268_17.339062_256.jpg,4.0,4,"[""heavy_wear"", ""uneven"", ""cracked"", ""patched"", ""fragmented""]",0.99999255
02104_46.856247_17.338938_256.jpg,3.5,4,"[""uneven"", ""cracked"", ""heavy_wear"", ""patched""]",0.99978095
02105_46.856226_17.338814_256.jpg,3.5,4,"[""heavy_wear"", ""uneven"", ""cracked"", ""patched"", ""fragmented""]",0.9999083
02106_46.856205_17.338690_256.jpg,3.5,4,"[""heavy_wear"", ""uneven"", ""cracked"", ""patched"", ""fragmented""]",0.9998803
02107_46.856184_17.338566_256.jpg,3.5,4,"[""heavy_wear"", ""uneven"", ""cracked"", ""patched"", ""fragmented""]",0.99992937
02108_46.856163_17.338442_256.jpg,3.5,4,"[""heavy_wear"", ""uneven"", ""cracked"", ""patched"", ""fragmented""]",0.999882
02109_46.856142_17.338318_256.jpg,3.5,4,"[""heavy_wear"", ""uneven"", ""cracked"", ""patched"", ""fragmented""]",0.9998957
02110_46.856121_17.338194_256.jpg,3.5,4,"[""uneven"", ""cracked"", ""heavy_wear"", ""patched""]",0.9997925
02111_46.856100_17.338070_268.jpg,3.5,4,"[""uneven"", ""cracked"", ""heavy_wear"", ""patched""]",0.9999764
02112_46.856098_17.337940_268.jpg,3.5,4,"[""uneven"", ""cracked"", ""heavy_wear"", ""patched""]",0.999998
02113_46.856097_17.337810_268.jpg,3.5,4,"[""uneven"", ""cracked"", ""heavy_wear"", ""patched""]",0.999984
02114_46.856095_17.337680_268.jpg,3.0,3,"[""uneven"", ""cracked"", ""heavy_wear""]",0.99995655
02137_46.855188_17.335204_233.jpg,3.0,3,"[""uneven"", ""cracked"", ""patched"", ""heavy_wear""]",0.99985147
02138_46.855137_17.335103_233.jpg,4.0,4,"[""heavy_wear"", ""patched"", ""fragmented"", ""cracked""]",0.99976593
02139_46.855085_17.335003_233.jpg,4.0,4,"[""heavy_wear"", ""patched"", ""fragmented"", ""cracked""]",0.99973094
02142_46.854931_17.334701_233.jpg,3.0,3,"[""uneven"", ""cracked"", ""patched"", ""heavy_wear""]",0.9990473
02143_46.854880_17.334600_243.jpg,3.5,4,"[""heavy_wear"", ""patched"", ""cracked"", ""fragmented"", ""shadow""]",0.9996633
02144_46.854840_17.334485_243.jpg,3.5,4,"[""heavy_wear"", ""patched"", ""cracked"", ""fragmented"", ""shadow""]",0.99993813
02146_46.854780_17.334257_255.jpg,2.5,2,"[""cracked"", ""fragmented"", ""heavy_wear""]",0.9999404
02147_46.854760_17.334143_255.jpg,3.5,4,"[""heavy_wear"", ""patched"", ""cracked"", ""fragmented"", ""shadow""]",0.99992204
02148_46.854740_17.334030_263.jpg,3.5,4,"[""heavy_wear"", ""patched"", ""cracked"", ""fragmented"", ""shadow""]",0.99991024
02149_46.854732_17.333920_263.jpg,3.5,4,"[""heavy_wear"", ""patched"", ""cracked"", ""fragmented"", ""shadow""]",0.99981105
02150_46.854724_17.333810_263.jpg,3.5,4,"[""heavy_wear"", ""patched"", ""cracked"", ""fragmented"", ""shadow""]",0.99987745
02152_46.854708_17.333590_263.jpg,3.5,4,"[""uneven"", ""cracked"", ""patched"", ""heavy_wear""]",0.9999256
02159_46.854683_17.332726_268.jpg,3.5,4,"[""fragmented"", ""cracked"", ""patched"", ""heavy_wear""]",0.9999965
02165_46.854604_17.332007_252.jpg,3.5,4,"[""heavy_wear"", ""uneven"", ""cracked"", ""patched""]",0.9999908
02168_46.854527_17.331639_252.jpg,3.5,4,"[""heavy_wear"", ""uneven"", ""cracked"", ""patched""]",0.99994296
02169_46.854501_17.331516_252.jpg,4.0,4,"[""heavy_wear"", ""uneven"", ""cracked"", ""patched""]",0.99913865
02170_46.854476_17.331393_252.jpg,3.5,4,"[""heavy_wear"", ""uneven"", ""cracked"", ""patched""]",0.99876535
02171_46.854450_17.331270_252.jpg,3.5,4,"[""heavy_wear"", ""uneven"", ""cracked"", ""patched""]",0.9998592
02182_46.879850_17.449170_223.jpg,2.5,2,"[""cracked"", ""fragmented"", ""heavy_wear""]",0.9988047
02183_46.879794_17.449092_223.jpg,3.5,4,"[""heavy_wear"", ""cracked""]",0.9993926
02184_46.879738_17.449014_223.jpg,2.5,2,"[""cracked"", ""fragmented"", ""heavy_wear""]",0.9989362
02185_46.879682_17.448936_223.jpg,1.5,2,"[""mild_wear"", ""cracked""]",0.99987066
02188_46.879503_17.448697_220.jpg,1.5,2,"[""mild_wear"", ""cracked""]",0.9992238
02192_46.879237_17.448363_220.jpg,1.0,1,[],0.99892914
02193_46.879170_17.448280_215.jpg,1.0,1,[],0.9985038
02196_46.878960_17.448061_215.jpg,1.5,2,"[""smooth""]",0.9994037
02201_46.878610_17.447696_215.jpg,1.5,2,"[""smooth""]",0.9997797
02206_46.878273_17.447314_219.jpg,1.5,2,"[""smooth""]",0.99941623
02225_46.877269_17.445551_238.jpg,1.5,2,"[""mild_wear"", ""cracked""]",0.99940467
02226_46.877225_17.445445_238.jpg,1.5,2,"[""mild_wear"", ""cracked""]",0.9972438
02228_46.877138_17.445233_238.jpg,1.5,2,"[""mild_wear"", ""cracked""]",0.9880743
02229_46.877094_17.445126_238.jpg,2.5,2,"[""mild_wear"", ""cracked""]",0.9963168
02231_46.877020_17.444907_248.jpg,2.0,2,"[""mild_wear"", ""cracked""]",0.997895
02240_46.876780_17.443930_257.jpg,1.5,2,"[""mild_wear"", ""smooth""]",0.99913704
02241_46.876762_17.443816_257.jpg,1.5,2,"[""mild_wear"", ""smooth""]",0.998577
02242_46.876744_17.443701_257.jpg,1.5,2,"[""smooth"", ""mild_wear"", ""cracked""]",0.99673057
02243_46.876727_17.443587_257.jpg,1.5,2,"[""smooth"", ""mild_wear"", ""cracked""]",0.9982128
02244_46.876709_17.443472_257.jpg,1.5,2,"[""smooth"", ""mild_wear"", ""cracked""]",0.9985819
02246_46.876673_17.443243_257.jpg,1.5,2,"[""smooth"", ""mild_wear""]",0.9995462
02248_46.876638_17.443014_257.jpg,2.0,2,"[""smooth"", ""mild_wear""]",0.9990167
02249_46.876620_17.442900_261.jpg,2.0,2,"[""smooth"", ""mild_wear""]",0.9992291
02250_46.876610_17.442807_261.jpg,1.5,2,"[""smooth"", ""mild_wear"", ""cracked""]",0.99930125
02251_46.876600_17.442713_261.jpg,2.5,2,"[""mild_wear"", ""cracked""]",0.99930465
02252_46.876590_17.442620_266.jpg,3.0,3,"[""heavy_wear"", ""cracked""]",0.9998808
02253_46.876586_17.442510_266.jpg,1.5,2,"[""smooth"", ""mild_wear"", ""cracked""]",0.99991333
02256_46.876574_17.442180_266.jpg,1.5,2,"[""smooth"", ""mild_wear"", ""cracked""]",0.9988752
02267_46.876690_17.440808_282.jpg,2.5,2,"[""mild_wear"", ""cracked"", ""patched""]",0.99926746
02292_46.877343_17.437856_289.jpg,1.5,2,"[""smooth"", ""mild_wear"", ""cracked""]",0.9997444
02293_46.877371_17.437736_289.jpg,1.5,2,"[""smooth"", ""mild_wear"", ""cracked""]",0.999383
02294_46.877400_17.437617_289.jpg,1.5,2,"[""smooth"", ""mild_wear"", ""cracked""]",0.9996662
02297_46.877486_17.437258_289.jpg,1.5,2,"[""smooth"", ""mild_wear"", ""cracked""]",0.99980974
02298_46.877514_17.437139_289.jpg,1.5,2,"[""smooth"", ""mild_wear""]",0.9998067
02299_46.877543_17.437019_289.jpg,1.5,2,"[""smooth"", ""mild_wear""]",0.999766
02302_46.877625_17.436668_288.jpg,2.0,2,"[""smooth"", ""mild_wear""]",0.99873596
02307_46.877750_17.436110_285.jpg,2.0,2,"[""smooth"", ""mild_wear""]",0.99746084
02308_46.877773_17.435988_285.jpg,1.5,2,"[""smooth""]",0.99850714
02309_46.877795_17.435865_285.jpg,1.5,2,"[""smooth""]",0.9983274
02311_46.877840_17.435620_279.jpg,1.5,2,"[""smooth""]",0.999729
02313_46.877869_17.435366_279.jpg,1.5,2,"[""smooth""]",0.99891746
02315_46.877897_17.435111_279.jpg,1.5,2,"[""smooth""]",0.9995209
02316_46.877911_17.434984_279.jpg,1.5,2,"[""smooth"", ""mild_wear""]",0.99822474
02329_46.877918_17.433377_266.jpg,3.5,4,"[""heavy_wear"", ""shadow"", ""cracked""]",0.9970807
02332_46.877902_17.432985_266.jpg,3.5,4,"[""heavy_wear"", ""shadow"", ""cracked""]",0.9977556
02333_46.877897_17.432854_266.jpg,3.5,4,"[""heavy_wear"", ""shadow"", ""cracked""]",0.9977845
02334_46.877892_17.432723_266.jpg,3.5,4,"[""heavy_wear"", ""shadow"", ""cracked""]",0.97910464
02335_46.877886_17.432592_266.jpg,3.0,3,"[""heavy_wear""]",0.9980306
02336_46.877881_17.432462_266.jpg,3.0,3,"[""heavy_wear"", ""shadow""]",0.99611044
02337_46.877875_17.432331_266.jpg,3.0,3,"[""heavy_wear"", ""cracked""]",0.98870134
02340_46.877861_17.431963_266.jpg,3.5,4,"[""heavy_wear"", ""cracked""]",0.99928814
02341_46.877857_17.431844_266.jpg,3.5,4,"[""heavy_wear"", ""cracked""]",0.99919605
02342_46.877853_17.431726_266.jpg,3.5,4,"[""heavy_wear"", ""cracked""]",0.9980495
02344_46.877844_17.431489_266.jpg,3.0,3,"[""heavy_wear"", ""fragmented"", ""cracked"", ""shadow""]",0.9992305
02345_46.877840_17.431370_295.jpg,3.0,3,"[""heavy_wear"", ""fragmented"", ""cracked"", ""shadow""]",0.99756634
02346_46.877870_17.431280_295.jpg,3.0,3,"[""heavy_wear"", ""fragmented"", ""cracked"", ""shadow""]",0.9940243
02347_46.877900_17.431190_295.jpg,3.0,3,"[""heavy_wear"", ""fragmented"", ""cracked"", ""shadow""]",0.9978419
02350_46.877990_17.430970_317.jpg,2.5,2,"[""mild_wear""]",0.9997728
02352_46.878030_17.430865_282.jpg,3.5,4,"[""cracked"", ""heavy_wear"", ""shadow""]",0.99960184
02367_46.877800_17.429650_298.jpg,2.5,2,"[""mild_wear"", ""smooth"", ""cracked""]",0.996873
02368_46.877830_17.429570_308.jpg,2.0,2,"[""mild_wear"", ""smooth"", ""cracked""]",0.9985204
02369_46.877885_17.429470_308.jpg,2.0,2,"[""mild_wear"", ""smooth"", ""cracked""]",0.9986304
02371_46.877998_17.429280_313.jpg,2.0,2,"[""mild_wear"", ""smooth"", ""cracked""]",0.9933882
02372_46.878057_17.429190_313.jpg,2.0,2,"[""mild_wear"", ""smooth"", ""cracked""]",0.99752265
02374_46.878173_17.429010_313.jpg,1.5,2,"[""mild_wear"", ""smooth""]",0.993926
02378_46.878395_17.428700_319.jpg,1.5,2,"[""cracked"", ""mild_wear"", ""smooth""]",0.9986354
02379_46.878448_17.428635_319.jpg,1.5,2,"[""cracked"", ""mild_wear"", ""smooth""]",0.9998842
02380_46.878500_17.428570_325.jpg,1.5,2,"[""cracked"", ""mild_wear"", ""smooth""]",0.9997951
02381_46.878565_17.428505_325.jpg,1.5,2,"[""cracked"", ""mild_wear"", ""smooth""]",0.99640775
02382_46.878630_17.428440_325.jpg,1.5,2,"[""cracked"", ""mild_wear"", ""smooth""]",0.9990485
02383_46.878695_17.428375_325.jpg,1.5,2,"[""cracked"", ""mild_wear"", ""smooth""]",0.99876046
02406_46.880207_17.426563_318.jpg,2.0,2,"[""smooth"", ""mild_wear"", ""car"", ""cracked""]",0.99925125
02407_46.880273_17.426477_318.jpg,1.5,2,"[""smooth"", ""mild_wear"", ""car"", ""cracked""]",0.9994693
02409_46.880401_17.426303_315.jpg,1.5,2,"[""smooth"", ""mild_wear"", ""car"", ""cracked""]",0.9992964
02411_46.880524_17.426128_315.jpg,1.5,2,"[""smooth"", ""mild_wear"", ""car"", ""cracked""]",0.9992196
02412_46.880585_17.426040_315.jpg,1.5,2,"[""smooth"", ""mild_wear"", ""car"", ""cracked""]",0.9997354
02416_46.880830_17.425690_311.jpg,1.5,2,"[""smooth"", ""mild_wear"", ""car"", ""cracked""]",0.9995527
02417_46.880884_17.425600_311.jpg,1.5,2,"[""smooth"", ""mild_wear"", ""car""]",0.999253
02418_46.880938_17.425510_311.jpg,1.5,2,"[""smooth"", ""mild_wear"", ""car""]",0.99936587
02419_46.880992_17.425420_311.jpg,1.5,2,"[""smooth"", ""mild_wear"", ""car""]",0.9996311
02420_46.881046_17.425330_311.jpg,1.5,2,"[""smooth"", ""mild_wear"", ""car""]",0.999189
02422_46.881146_17.425150_306.jpg,2.0,2,"[""smooth"", ""mild_wear"", ""car""]",0.99857396
02423_46.881192_17.425060_306.jpg,2.0,2,"[""smooth"", ""mild_wear"", ""car""]",0.9994368
02426_46.881330_17.424790_297.jpg,1.5,2,"[""smooth"", ""mild_wear"", ""car""]",0.9983208
02427_46.881370_17.424676_297.jpg,1.5,2,"[""smooth"", ""mild_wear"", ""car""]",0.9987217
02428_46.881410_17.424562_297.jpg,1.5,2,"[""smooth"", ""mild_wear"", ""car""]",0.9996766
02430_46.881490_17.424334_297.jpg,2.0,2,"[""smooth"", ""mild_wear"", ""car""]",0.9987947
02431_46.881530_17.424220_292.jpg,2.0,2,"[""smooth"", ""mild_wear"", ""car"", ""shadow""]",0.99940526
02433_46.881593_17.423995_292.jpg,2.0,2,"[""smooth"", ""mild_wear"", ""car"", ""shadow""]",0.99935865
02434_46.881625_17.423883_292.jpg,2.0,2,"[""smooth"", ""mild_wear"", ""car"", ""shadow""]",0.9998977
02435_46.881657_17.423770_292.jpg,2.0,2,"[""smooth"", ""mild_wear"", ""car"", ""shadow""]",0.99952114
02436_46.881688_17.423658_292.jpg,2.0,2,"[""smooth"", ""mild_wear""]",0.9989364
02438_46.881752_17.423433_292.jpg,1.5,2,"[""smooth"", ""mild_wear"", ""shadow""]",0.9992691
02439_46.881783_17.423320_292.jpg,1.5,2,"[""smooth"", ""mild_wear"", ""shadow""]",0.99903584
02440_46.881815_17.423208_292.jpg,2.0,2,"[""mild_wear""]",0.99903584
02441_46.881847_17.423095_292.jpg,2.5,2,"[""cracked"", ""mild_wear"", ""smooth""]",0.99929017
02442_46.881878_17.422983_292.jpg,2.0,2,"[""mild_wear"", ""shadow""]",0.9990399
02443_46.881910_17.422870_290.jpg,1.5,2,"[""mild_wear"", ""shadow"", ""cracked""]",0.9992421
02444_46.881940_17.422750_290.jpg,2.5,2,"[""mild_wear"", ""smooth""]",0.99947655
02445_46.881970_17.422630_290.jpg,1.5,2,"[""mild_wear"", ""shadow""]",0.9972137
02446_46.882000_17.422510_311.jpg,2.5,2,"[""mild_wear""]",0.99963
02447_46.882030_17.422460_341.jpg,2.0,2,"[""mild_wear"", ""cracked"", ""shadow""]",0.99844563
02448_46.882070_17.422440_0.jpg,2.5,2,"[""mild_wear"", ""cracked"", ""car""]",0.98908454
02449_46.882135_17.422440_0.jpg,3.5,4,"[""heavy_wear"", ""cracked"", ""shadow"", ""car""]",0.9997336
02450_46.882200_17.422440_15.jpg,3.5,4,"[""heavy_wear"", ""cracked"", ""shadow"", ""car""]",0.9977535
02451_46.882250_17.422460_53.jpg,3.5,4,"[""heavy_wear"", ""cracked"", ""shadow"", ""uneven""]",0.9963006
02452_46.882260_17.422480_69.jpg,3.5,4,"[""heavy_wear"", ""cracked"", ""shadow""]",0.9971429
02453_46.882270_17.422520_24.jpg,3.5,4,"[""shadow"", ""heavy_wear"", ""cracked""]",0.9115566
02454_46.882300_17.422540_29.jpg,3.5,4,"[""shadow"", ""heavy_wear"", ""cracked""]",0.997428
02455_46.882360_17.422590_355.jpg,3.5,4,"[""shadow"", ""heavy_wear"", ""cracked"", ""car""]",0.9776397
02456_46.882440_17.422580_325.jpg,3.5,4,"[""shadow"", ""heavy_wear"", ""cracked"", ""car""]",0.9985397
02457_46.882500_17.422520_293.jpg,2.5,2,"[""mild_wear""]",0.993289
02458_46.882530_17.422420_270.jpg,3.5,4,"[""shadow"", ""heavy_wear"", ""cracked"", ""car""]",0.9993449
02459_46.882530_17.422320_236.jpg,3.5,4,"[""shadow"", ""heavy_wear"", ""cracked"", ""car""]",0.9943383
02460_46.882490_17.422230_264.jpg,3.5,4,"[""shadow"", ""heavy_wear"", ""cracked"", ""car""]",0.99632514
02462_46.882480_17.422070_280.jpg,1.5,2,"[""smooth"", ""mild_wear""]",0.9885151
02463_46.882492_17.421968_280.jpg,1.5,2,"[""smooth"", ""mild_wear"", ""car""]",0.98808664
02464_46.882505_17.421865_280.jpg,2.0,2,"[""mild_wear"", ""smooth"", ""shadow"", ""car""]",0.9987185
02465_46.882518_17.421763_280.jpg,2.5,2,"[""mild_wear"", ""smooth"", ""shadow""]",0.99490464
02466_46.882530_17.421660_281.jpg,2.0,2,"[""mild_wear"", ""smooth"", ""shadow"", ""car""]",0.9969239
02467_46.882546_17.421540_281.jpg,2.0,2,"[""mild_wear"", ""smooth"", ""shadow"", ""car""]",0.9997448
02468_46.882562_17.421420_281.jpg,2.0,2,"[""mild_wear"", ""smooth"", ""shadow""]",0.999647
02469_46.882578_17.421300_281.jpg,2.0,2,"[""mild_wear"", ""smooth"", ""shadow"", ""car""]",0.9984082
02470_46.882594_17.421180_281.jpg,2.0,2,"[""mild_wear"", ""smooth"", ""shadow""]",0.9993191
02473_46.880647_17.452306_255.jpg,2.5,2,"[""mild_wear"", ""smooth"", ""car""]",0.99536026
02474_46.880626_17.452189_255.jpg,1.5,2,"[""smooth"", ""mild_wear""]",0.9965327
02475_46.880604_17.452071_255.jpg,2.0,2,"[""smooth"", ""mild_wear""]",0.99934053
02482_46.880450_17.451270_257.jpg,3.5,4,"[""car"", ""mild_wear"", ""cracked""]",0.9867261
02485_46.880410_17.451010_270.jpg,3.5,4,"[""uneven"", ""cracked"", ""heavy_wear"", ""patched"", ""car""]",0.9876338
02486_46.880410_17.450925_270.jpg,3.5,4,"[""uneven"", ""cracked"", ""heavy_wear"", ""patched"", ""fragmented""]",0.990179
02487_46.880410_17.450840_311.jpg,3.5,4,"[""uneven"", ""cracked"", ""heavy_wear"", ""patched"", ""fragmented""]",0.9992317
02488_46.880440_17.450790_286.jpg,3.5,4,"[""uneven"", ""cracked"", ""heavy_wear"", ""patched"", ""fragmented""]",0.9957207
02489_46.880450_17.450740_270.jpg,3.5,4,"[""uneven"", ""cracked"", ""heavy_wear"", ""patched"", ""fragmented""]",0.98287344
02490_46.880450_17.450610_236.jpg,3.5,4,"[""uneven"", ""cracked"", ""heavy_wear"", ""patched"", ""shadow""]",0.98552406
02491_46.880410_17.450520_210.jpg,3.5,4,"[""uneven"", ""cracked"", ""heavy_wear"", ""patched""]",0.97833216
02492_46.880340_17.450460_180.jpg,3.5,4,"[""smooth"", ""cracked"", ""uneven"", ""heavy_wear"", ""patched"", ""car""]",0.9903784
02493_46.880320_17.450460_247.jpg,2.0,2,"[""smooth"", ""mild_wear"", ""cracked""]",0.98443747
02494_46.880295_17.450370_247.jpg,2.0,2,"[""smooth"", ""mild_wear""]",0.9950802
